species,folder_count,folders,image_count,high,medium,low,unreadable,high_pct,medium_pct,low_pct,total_mb,avg_width,avg_height,extensions
眶灯鱼属,1,眶灯鱼属（综合）,300,299,0,1,0,99.7,0.0,0.3,925.4,4205.8,3313.2,.jpg:299; .bmp:1
巨口鱼,1,巨口鱼,269,249,16,4,0,92.6,5.9,1.5,1316.21,5147.3,3485.6,.jpg:269
尾明角灯鱼,1,尾明角灯鱼,146,138,6,2,0,94.5,4.1,1.4,762.44,5352.6,3738.5,.jpg:144; .bmp:2
星衫鱼,1,星衫鱼,126,115,11,0,0,91.3,8.7,0.0,702.78,5334.6,3451.5,.jpg:126
银斧鱼,1,银斧鱼,118,114,3,1,0,96.6,2.5,0.8,592.59,5351.6,3662.2,.jpg:118
巴氏眶灯鱼,1,巴氏眶灯鱼,94,92,0,2,0,97.9,0.0,2.1,388.53,4642.4,3406.7,.jpg:94
单棘豹鲂鮄,1,单棘豹鲂鮄,92,90,0,2,0,97.8,0.0,2.2,917.56,8516.7,5066.2,.jpg:92
蝰鱼,1,蝰鱼,91,89,2,0,0,97.8,2.2,0.0,637.64,6165.3,4065.6,.jpg:91
鮟鱇,1,鮟鱇,83,82,1,0,0,98.8,1.2,0.0,805.95,7623.9,4584.0,.jpg:83
丝球星衫鱼,1,丝球星衫鱼,81,81,0,0,0,100.0,0.0,0.0,484.87,5906.7,4091.1,.jpg:81
亮眶灯鱼,1,亮眶灯鱼,81,81,0,0,0,100.0,0.0,0.0,262.28,4321.2,3318.1,.jpg:81
珍灯鱼,1,珍灯鱼,81,79,1,1,0,97.5,1.2,1.2,340.34,4914.3,3473.0,.jpg:79; .bmp:1; .png:1
短尾大眼鲷,1,短尾大眼鲷,68,64,0,4,0,94.1,0.0,5.9,720.06,8212.7,4621.3,.jpg:66; .bmp:2
瓦氏眶灯鱼,1,瓦氏眶灯鱼,67,65,0,2,0,97.0,0.0,3.0,361.77,5494.7,3545.1,.jpg:65; .bmp:2
串灯鱼,1,串灯鱼,66,61,5,0,0,92.4,7.6,0.0,464.31,6263.2,3946.4,.jpg:66
喀氏眶灯鱼,1,喀氏眶灯鱼,65,63,2,0,0,96.9,3.1,0.0,251.93,4397.4,3387.1,.jpg:65
条带多光鱼,1,条带多光鱼,65,61,0,4,0,93.8,0.0,6.2,376.89,5193.3,3386.6,.jpg:61; .bmp:4
钝吻灯笼鱼,1,钝吻灯笼鱼,64,62,0,2,0,96.9,0.0,3.1,289.09,4487.4,3474.2,.jpg:64
大鳍珍灯鱼,4,2018010 大鳍珍灯鱼（测序） | 2018010大鳍珍灯鱼 | 2018026-027大鳍珍灯鱼 | 大鳍珍灯鱼,63,63,0,0,0,100.0,0.0,0.0,277.22,4964.3,3471.0,.jpg:63
奇棘鱼,1,奇棘鱼,62,58,2,2,0,93.5,3.2,3.2,437.54,6363.8,4001.3,.jpg:62
狗母鱼,1,狗母鱼,62,61,0,1,0,98.4,0.0,1.6,422.17,6702.5,3995.1,.jpg:62
粗鳞灯笼鱼,1,粗鳞灯笼鱼,61,60,0,1,0,98.4,0.0,1.6,299.61,4967.6,3504.4,.jpg:60; .bmp:1
棘茄鱼,1,棘茄鱼,60,40,8,12,0,66.7,13.3,20.0,371.53,5201.2,3298.6,.jpg:58; .bmp:2
光彩标灯鱼,1,光彩标灯鱼,59,59,0,0,0,100.0,0.0,0.0,207.74,4178.8,3173.6,.jpg:59
单棘躄鱼,1,单棘躄鱼,59,59,0,0,0,100.0,0.0,0.0,516.0,8148.3,4652.3,.jpg:59
钻光鱼,1,钻光鱼,58,46,10,2,0,79.3,17.2,3.4,256.46,4889.4,2911.4,.jpg:58
长鳍虹灯鱼,1,长鳍虹灯鱼,54,53,1,0,0,98.1,1.9,0.0,274.25,5564.1,3619.2,.jpg:54
吕氏眶灯鱼,1,吕氏眶灯鱼,53,52,0,1,0,98.1,0.0,1.9,126.5,3725.6,3226.3,.jpg:52; .bmp:1
发光炬灯鱼,1,发光炬灯鱼,49,48,0,1,0,98.0,0.0,2.0,161.97,3843.1,3050.1,.jpg:49
千年笛鲷,1,千年笛鲷,48,48,0,0,0,100.0,0.0,0.0,128.77,3905,3146.3,.jpg:48
宽吻鲀,1,宽吻鲀,46,40,0,6,0,87.0,0.0,13.0,407.47,7672.8,4317.1,.jpg:46
弱蜥鱼,1,弱蜥鱼,45,45,0,0,0,100.0,0.0,0.0,291.38,5949.2,3932.8,.jpg:45
条带眶灯鱼,1,条带眶灯鱼,45,45,0,0,0,100.0,0.0,0.0,187.53,4805.3,3395.6,.jpg:45
闪光灯笼鱼,1,闪光灯笼鱼,45,45,0,0,0,100.0,0.0,0.0,201.34,5053.2,3540.3,.jpg:45
近壮灯鱼,1,近壮灯鱼,44,44,0,0,0,100.0,0.0,0.0,202.78,5121.1,3531.1,.jpg:44
栉刺灯笼鱼,1,栉刺灯笼鱼,43,43,0,0,0,100.0,0.0,0.0,181.2,4795.2,3418.8,.jpg:43
柔骨鱼,1,柔骨鱼,42,38,4,0,0,90.5,9.5,0.0,203.36,4378.6,3553.1,.jpg:42
银眼鲷,1,银眼鲷,41,41,0,0,0,100.0,0.0,0.0,258.79,5497.0,3701.9,.jpg:41
乌鲂,1,乌鲂,40,40,0,0,0,100.0,0.0,0.0,328.91,6789.6,4564.4,.jpg:40
印度无齿鲳,1,印度无齿鲳,40,36,2,2,0,90.0,5.0,5.0,334.6,7502.6,4342.4,.jpg:40
多齿蛇鲻,1,多齿蛇鲻,40,38,0,2,0,95.0,0.0,5.0,368.59,8316.8,4671.6,.jpg:40
低褶胸鱼,1,低褶胸鱼,39,32,6,1,0,82.1,15.4,2.6,185.79,5039.5,3710.1,.jpg:39
华丽眶灯鱼,1,华丽眶灯鱼,39,39,0,0,0,100.0,0.0,0.0,103.67,3772.3,3071.2,.jpg:39
岩鲈,1,岩鲈,39,35,4,0,0,89.7,10.3,0.0,152.71,4497.0,3309.2,.jpg:39
天竺鲷,1,天竺鲷,38,31,2,5,0,81.6,5.3,13.2,131.89,4292.5,2843.6,.jpg:36; .jpeg:2
太平洋方尾鲳,1,太平洋方尾鲳,37,36,0,0,1,97.3,0.0,0.0,161.73,4832,3312,.jpg:37
钝吻缘光鱼,1,钝吻缘光鱼,37,37,0,0,0,100.0,0.0,0.0,167.14,4959.1,3473.3,.jpg:37
何氏鳐,1,何氏鳐,36,32,0,4,0,88.9,0.0,11.1,322.49,7542.1,4297,.jpg:36
海鲂,1,海鲂,36,25,0,11,0,69.4,0.0,30.6,220.54,5543.6,3416.2,.jpg:35; .bmp:1
牡锦灯鱼,3,2017269-271牡锦灯鱼 | 2018071牡锦灯鱼 | 牡锦灯鱼,36,36,0,0,0,100.0,0.0,0.0,134.63,5002.2,3411.8,.jpg:36
肩灯鱼属,1,肩灯鱼属,36,36,0,0,0,100.0,0.0,0.0,194.38,5794.7,3784.9,.jpg:36
典型刺虾,1,典型刺虾,35,35,0,0,0,100.0,0.0,0.0,111.65,3737.1,2995.7,.jpg:35
巴西达摩鲨,1,巴西达摩鲨,35,33,2,0,0,94.3,5.7,0.0,253.63,6873.6,4052,.jpg:35
柔毛软颚虾,1,柔毛软颚虾,35,34,0,1,0,97.1,0.0,2.9,117.3,4114.7,3213.9,.jpg:35
红娘鱼,1,红娘鱼,35,29,2,4,0,82.9,5.7,11.4,155.54,5440.5,3292.7,.jpg:35
线口鳗,1,线口鳗,35,33,2,0,0,94.3,5.7,0.0,280.88,7403.9,4384.7,.jpg:35
尖牙鲈,1,尖牙鲈,34,30,0,4,0,88.2,0.0,11.8,214.36,5985.4,3754.3,.jpg:34
斑尾绯鲤,1,斑尾绯鲤,34,34,0,0,0,100.0,0.0,0.0,293.3,8688,4888,.jpg:34
灿烂眶灯鱼,1,灿烂眶灯鱼,34,34,0,0,0,100.0,0.0,0.0,78.27,3820.2,3404.2,.jpg:34
金焰灯笼鱼,1,金焰灯笼鱼,34,34,0,0,0,100.0,0.0,0.0,95.04,4463.5,3060.2,.jpg:34
天纽珍灯鱼,2,2017012天纽珍灯鱼 | 天纽珍灯鱼,33,33,0,0,0,100.0,0.0,0.0,102.86,4385.0,3152.2,.jpg:33
高体电灯鱼,1,高体电灯鱼,33,33,0,0,0,100.0,0.0,0.0,176.36,5437.1,3687.0,.jpg:33
粗短灯笼鱼,1,粗短灯笼鱼,32,32,0,0,0,100.0,0.0,0.0,186.85,5165.5,3553.2,.jpg:32
深海拟野鲈,1,深海拟野鲈,31,29,0,2,0,93.5,0.0,6.5,93.24,3927.7,2959.8,.jpg:29; .bmp:2
丛光鱼,1,丛光鱼,30,28,0,2,0,93.3,0.0,6.7,190.82,6324.3,4180.9,.jpg:30
后肛鱼,1,后肛鱼,30,30,0,0,0,100.0,0.0,0.0,134.6,5064,3561.1,.jpg:30
珠目鱼,1,珠目鱼,30,30,0,0,0,100.0,0.0,0.0,176.88,5221.3,3440,.jpg:30
八斑土佐鲆,1,八斑土佐鲆,29,27,0,2,0,93.1,0.0,6.9,308.37,7956.8,4749.9,.jpg:29
瑞士红鲂鮄,1,瑞士红鲂鮄,29,29,0,0,0,100.0,0.0,0.0,317.74,8688,4950.3,.jpg:29
细额玻璃虾,1,细额玻璃虾,29,29,0,0,0,100.0,0.0,0.0,112.6,3979.0,3229.2,.jpg:29
印明灯鱼,1,印明灯鱼,28,28,0,0,0,100.0,0.0,0.0,96.66,4772.6,3497.1,.jpg:28
孔头鲷,1,孔头鲷,28,28,0,0,0,100.0,0.0,0.0,204.53,6836.6,4265.6,.jpg:28
远东红鲂鮄,1,远东红鲂鮄,28,28,0,0,0,100.0,0.0,0.0,302.15,8688,4888,.jpg:28
叉斑狗母鱼,1,叉斑狗母鱼,27,27,0,0,0,100.0,0.0,0.0,213.32,7960.2,4591.1,.jpg:27
密斑马面鲀,1,密斑马面鲀,27,25,0,2,0,92.6,0.0,7.4,259.11,8127.6,4580.7,.jpg:27
小头乌贼,1,小头乌贼,27,25,0,2,0,92.6,0.0,7.4,107.41,4351.1,3145.4,.jpg:27
眶暗虹灯鱼,1,眶暗虹灯鱼,27,25,2,0,0,92.6,7.4,0.0,41.52,3086.9,2886.6,.jpg:27
线鳗,1,线鳗,27,25,0,2,0,92.6,0.0,7.4,110.02,5153.1,3378.3,.jpg:27
印度齿口鱼,1,印度齿口鱼,26,26,0,0,0,100.0,0.0,0.0,81.85,3962.4,3294.2,.jpg:26
帆鳍鱼,1,帆鳍鱼,26,24,0,2,0,92.3,0.0,7.7,288.23,7415.1,4282.4,.jpg:26
暗光鱼,1,暗光鱼,26,23,3,0,0,88.5,11.5,0.0,64.86,3211.3,3382.2,.jpg:26
深水金线鱼,1,深水金线鱼,26,22,0,4,0,84.6,0.0,15.4,233.1,7449,4181.5,.jpg:24; .bmp:2
眶棘鲈,1,眶棘鲈,26,23,0,3,0,88.5,0.0,11.5,88.96,4185.0,2998,.jpg:24; .jpeg:2
短颌灯笼鱼,1,短颌灯笼鱼,25,24,0,1,0,96.0,0.0,4.0,105.51,4452.1,3254.6,.jpg:25
印度星衫鱼,1,印度星衫鱼,24,23,1,0,0,95.8,4.2,0.0,77.91,4653.7,3162.6,.jpg:24
大头狗母鱼,1,大头狗母鱼,24,22,0,2,0,91.7,0.0,8.3,186.48,7097.7,4373.3,.jpg:24
异齿拟长额虾,1,异齿拟长额虾,24,24,0,0,0,100.0,0.0,0.0,67.08,3111.4,2984.8,.jpg:24
梅花鲨,1,梅花鲨,24,24,0,0,0,100.0,0.0,0.0,277.8,8688,4888,.jpg:24
尾纹九棘鲈,1,尾纹九棘鲈,23,22,1,0,0,95.7,4.3,0.0,199.35,7205.4,4265.6,.jpg:22; .png:1
深海鲉,1,深海鲉,23,19,4,0,0,82.6,17.4,0.0,60.71,3565.7,2993.0,.jpg:23
鳞首方头鲳,1,鳞首方头鲳,23,23,0,0,0,100.0,0.0,0.0,169.84,6348.5,4165.6,.jpg:23
长体圆鲹,1,长体圆鲹,22,16,2,4,0,72.7,9.1,18.2,158.92,6648.6,3867.7,.jpg:22
高体若鲹,1,高体若鲹,22,22,0,0,0,100.0,0.0,0.0,186.87,7046.6,4157.2,.jpg:22
鸢乌贼,1,鸢乌贼,22,20,2,0,0,90.9,9.1,0.0,43.37,2674,3062.1,.jpg:22
刺鲀幼体,1,刺鲀幼体,21,21,0,0,0,100.0,0.0,0.0,160.28,7881.1,4473.9,.jpg:21
半线天竺鲷,1,半线天竺鲷,21,21,0,0,0,100.0,0.0,0.0,163.68,7371,4331.6,.jpg:21
南氏鱼,1,南氏鱼,21,19,2,0,0,90.5,9.5,0.0,120.91,4959.8,3433.1,.jpg:21
塔乌贼,1,塔乌贼,21,20,1,0,0,95.2,4.8,0.0,95.91,4858.7,3616.8,.jpg:21
烛光鱼,1,烛光鱼,21,15,4,2,0,71.4,19.0,9.5,121.17,5568.1,3203.1,.jpg:21
黑鳍棘鳞鱼,1,黑鳍棘鳞鱼,21,21,0,0,0,100.0,0.0,0.0,203.05,8354.7,4760.9,.jpg:21
后光眶灯鱼,1,后光眶灯鱼,20,20,0,0,0,100.0,0.0,0.0,52.46,3492,3352.8,.jpg:20
圆鲀,1,圆鲀,20,16,0,4,0,80.0,0.0,20.0,127.05,7171.7,4025.2,.jpg:18; .bmp:2
大西洋谷口鱼,1,大西洋谷口鱼,20,17,2,1,0,85.0,10.0,5.0,70.34,4175.9,2967,.jpg:20
大鳞拟棘鲆,1,大鳞拟棘鲆,20,18,0,2,0,90.0,0.0,10.0,169.04,7260.8,4121.3,.jpg:20
长鳍金眼鲷,1,长鳍金眼鲷,20,20,0,0,0,100.0,0.0,0.0,100.08,4288.8,3435.2,.jpg:20
飞乌贼,1,飞乌贼,20,20,0,0,0,100.0,0.0,0.0,72.69,3817.4,3887.2,.jpg:20
高菱鲷,1,高菱鲷,20,17,0,3,0,85.0,0.0,15.0,122.7,5931.1,3642.2,.jpg:20
黄鳍多棘鳞鲀,1,黄鳍多棘鳞鲀,20,19,1,0,0,95.0,5.0,0.0,177.69,7802.1,4490.5,.jpg:20
I南海采集,1,I南海采集06_1_潮间带FeiBoy_来自小红书网页版,19,0,17,2,0,0.0,89.5,10.5,5.56,1288.4,1231.6,.jpg:19
叉齿鱼,1,叉齿鱼,19,19,0,0,0,100.0,0.0,0.0,84.39,5306.9,3551.1,.jpg:19
双斑瓦鲽,1,双斑瓦鲽,19,19,0,0,0,100.0,0.0,0.0,155.18,7872,4533.1,.jpg:19
日本䲗,1,日本䲗,19,6,9,4,0,31.6,47.4,21.1,65.24,4063.5,2075.8,.jpg:19
月灯鱼,1,月灯鱼,19,17,0,2,0,89.5,0.0,10.5,51.94,3429.9,3461.9,.jpg:19
棘尾银斧鱼,1,棘尾银斧鱼,19,18,1,0,0,94.7,5.3,0.0,139.68,6409.3,4239.1,.jpg:18; .png:1
南海采集,9,南海采集06_10_潮间带FeiBoy_来自小红书网页版 | 南海采集06_11_潮间带FeiBoy_来自小红书网页版 | 南海采集06_12_潮间带FeiBoy_来自小红书网页版 | 南海采集06_5_潮间带FeiBoy_来自小红书网页版 | 南海采集07_10_潮间带FeiBoy_来自小红书网页版 | 南海采集07_1_潮间带FeiBoy_来自小红书网页版 | 南海采集07_2_潮间带FeiBoy_来自小红书网页版 | 南海采集07_3_潮间带FeiBoy_来自小红书网页版 | 南海采集07_8_潮间带FeiBoy_来自小红书网页版,18,0,16,2,0,0.0,88.9,11.1,3.9,1200,1320,.jpg:18
弓背鳄齿鱼,1,弓背鳄齿鱼,18,16,0,2,0,88.9,0.0,11.1,154.33,7794.4,4369.7,.jpg:16; .bmp:2
无斑圆鲹,1,无斑圆鲹,18,16,0,2,0,88.9,0.0,11.1,150.99,7845.8,4402.9,.jpg:18
杂斑狗母鱼,1,杂斑狗母鱼,18,18,0,0,0,100.0,0.0,0.0,170.86,8688,4888,.jpg:18
毛烟管鱼,1,毛烟管鱼,18,16,0,2,0,88.9,0.0,11.1,173.62,7948,4391.8,.jpg:18
菱的鲷,1,菱的鲷,18,18,0,0,0,100.0,0.0,0.0,67.77,3909.3,3512.9,.jpg:18
东方异腕虾,1,东方异腕虾,17,17,0,0,0,100.0,0.0,0.0,44.47,3230.1,3102.6,.jpg:17
农苏离光鱼,1,农苏离光鱼,17,17,0,0,0,100.0,0.0,0.0,69.17,4654.1,3582.1,.jpg:17
平头鱼,1,平头鱼,17,15,2,0,0,88.2,11.8,0.0,71.58,4364.2,3343.6,.jpg:17
日本犀鳕,1,日本犀鳕,17,17,0,0,0,100.0,0.0,0.0,71.17,4754.8,3249.9,.jpg:17
李氏眶灯鱼,1,李氏眶灯鱼,17,17,0,0,0,100.0,0.0,0.0,72.32,4173.2,3049.4,.jpg:17
柔珠目鱼,1,柔珠目鱼,17,17,0,0,0,100.0,0.0,0.0,59.43,4339.8,4204.2,.jpg:17
水纹扁背鲀,1,水纹扁背鲀,17,15,0,2,0,88.2,0.0,11.8,126.39,7455.8,4240.9,.jpg:17
深海鲑,1,深海鲑,17,17,0,0,0,100.0,0.0,0.0,73.58,4563.8,3329.6,.jpg:17
烟管鱼,1,烟管鱼,17,14,0,3,0,82.4,0.0,17.6,98.17,6156.7,3650.2,.jpg:16; .jpeg:1
绒毛拟海螯虾,1,绒毛拟海螯虾,17,17,0,0,0,100.0,0.0,0.0,39.81,2976,2736,.jpg:17
鳗鲡幼体,1,鳗鲡幼体,17,17,0,0,0,100.0,0.0,0.0,175.19,8688,4888,.jpg:17
2.1莫名,1,2.1莫名,16,16,0,0,0,100.0,0.0,0.0,37.19,3642,3386,.jpg:16
南海深水采集09 300-600米,8,南海深水采集09 300-600米_2_潮间带FeiBoy_来自小红书网页版 | 南海深水采集09 300-600米_3_潮间带FeiBoy_来自小红书网页版 | 南海深水采集09 300-600米_4_潮间带FeiBoy_来自小红书网页版 | 南海深水采集09 300-600米_5_潮间带FeiBoy_来自小红书网页版 | 南海深水采集09 300-600米_6_潮间带FeiBoy_来自小红书网页版 | 南海深水采集09 300-600米_7_潮间带FeiBoy_来自小红书网页版 | 南海深水采集09 300-600米_8_潮间带FeiBoy_来自小红书网页版 | 南海深水采集09 300-600米_9_潮间带FeiBoy_来自小红书网页版,16,0,16,0,0,0.0,100.0,0.0,3.71,1125,1395,.jpg:16
叉尾鲷,1,叉尾鲷,16,15,0,1,0,93.8,0.0,6.2,174.12,7870,4478,.jpg:15; .jpeg:1
图氏珍灯鱼,1,图氏珍灯鱼,16,16,0,0,0,100.0,0.0,0.0,36.67,3848,2886,.jpg:16
土佐䲢,1,土佐䲢,16,16,0,0,0,100.0,0.0,0.0,158.26,8688,4888,.jpg:16
尾斑鲬状鱼,1,尾斑鲬状鱼,16,16,0,0,0,100.0,0.0,0.0,155.28,8688,5001,.jpg:16
条纹副绯鲤,1,条纹副绯鲤,16,16,0,0,0,100.0,0.0,0.0,145.83,8688,4888,.jpg:16
红连鳍䲗,1,红连鳍䲗,16,16,0,0,0,100.0,0.0,0.0,148.24,8688,4888,.jpg:16
褐黄扁魟,1,褐黄扁魟,16,14,0,2,0,87.5,0.0,12.5,153.16,7744.2,4484,.jpg:16
长吻六鳃鲨,1,长吻六鳃鲨,16,16,0,0,0,100.0,0.0,0.0,175.51,8688,4888,.jpg:16
鳄齿鱼,1,鳄齿鱼,16,16,0,0,0,100.0,0.0,0.0,146.1,8688,4888,.jpg:16
黑渊鲑,1,黑渊鲑,16,16,0,0,0,100.0,0.0,0.0,68.83,4717,3232.5,.jpg:16
朴蝴蝶鱼,1,朴蝴蝶鱼,15,13,0,2,0,86.7,0.0,13.3,121.95,7302.9,4192.3,.jpg:15
齿口鱼,1,齿口鱼,15,15,0,0,0,100.0,0.0,0.0,58.93,4610.1,3336.5,.jpg:15
伊氏锯尾鲨,1,伊氏锯尾鲨,14,14,0,0,0,100.0,0.0,0.0,153.95,8688,4888,.jpg:14
冬肛鱼,1,冬肛鱼,14,14,0,0,0,100.0,0.0,0.0,48.78,4427.4,3594.1,.jpg:14
半刺玻璃虾,1,半刺玻璃虾,14,14,0,0,0,100.0,0.0,0.0,91.7,6136,4181.7,.jpg:14
天蓝眶灯鱼,1,天蓝眶灯鱼,14,14,0,0,0,100.0,0.0,0.0,49.05,3545.1,3140.6,.jpg:14
尖棘角鲂鮄,1,尖棘角鲂鮄,14,14,0,0,0,100.0,0.0,0.0,134.76,8688,4888,.jpg:14
巨尾鱼,1,巨尾鱼,14,14,0,0,0,100.0,0.0,0.0,36.93,3990.9,3091.4,.jpg:14
拟三刺鲀,1,拟三刺鲀,14,10,0,4,0,71.4,0.0,28.6,67.89,4900.3,2991.7,.jpg:14
拟角鲨,1,拟角鲨,14,12,2,0,0,85.7,14.3,0.0,65.13,4154.3,3010.3,.jpg:14
新西兰须鮟鱇,1,新西兰须鮟鱇,14,14,0,0,0,100.0,0.0,0.0,41.08,3456,4608,.jpg:14
珠鸡帆乌贼,1,珠鸡帆乌贼,14,14,0,0,0,100.0,0.0,0.0,31.48,3450.3,2882.1,.jpg:14
管吻鲀,1,管吻鲀,14,2,8,4,0,14.3,57.1,28.6,30.89,3209.1,1666.9,.jpg:14
约氏黑角鮟鱇,1,约氏黑角鮟鱇,14,14,0,0,0,100.0,0.0,0.0,33.5,3490.3,4125.7,.jpg:14
青眼鱼,1,青眼鱼,14,10,0,4,0,71.4,0.0,28.6,36.97,3708.9,2340.3,.jpg:14
鞭尾鱼,1,鞭尾鱼,14,14,0,0,0,100.0,0.0,0.0,64.84,4544,3075.3,.jpg:14
串光鱼,1,串光鱼,13,13,0,0,0,100.0,0.0,0.0,111.48,7879.4,4498.5,.jpg:13
凹吻黑线岩鲈,1,凹吻黑线岩鲈,13,13,0,0,0,100.0,0.0,0.0,44.11,4408.6,3840,.jpg:13
太平洋帆乌贼,1,太平洋帆乌贼,13,13,0,0,0,100.0,0.0,0.0,38.5,4105.8,3147.1,.jpg:13
斑纹线菱鲷,1,斑纹线菱鲷,13,12,1,0,0,92.3,7.7,0.0,29.74,2758,2782.2,.jpg:13
暗柄炬灯鱼,2,2018041暗柄炬灯鱼 | 暗柄炬灯鱼,13,13,0,0,0,100.0,0.0,0.0,39.42,4353.2,3197.5,.jpg:13
紫鱼属,1,紫鱼属,13,13,0,0,0,100.0,0.0,0.0,114.73,6768,4388.3,.jpg:13
锯犁鳗,1,锯犁鳗,13,13,0,0,0,100.0,0.0,0.0,75.56,4745.8,3491.7,.jpg:13
刺鲳,1,刺鲳,12,12,0,0,0,100.0,0.0,0.0,89.03,6744,4210.7,.jpg:12
单棘鲂鮄,1,单棘鲂鮄,12,12,0,0,0,100.0,0.0,0.0,126.76,8688,4888,.jpg:12
南海深水采集工作3 甲壳类汇总,6,南海深水采集工作3 甲壳类汇总_1_潮间带FeiBoy_来自小红书网页版 | 南海深水采集工作3 甲壳类汇总_2_潮间带FeiBoy_来自小红书网页版 | 南海深水采集工作3 甲壳类汇总_3_潮间带FeiBoy_来自小红书网页版 | 南海深水采集工作3 甲壳类汇总_4_潮间带FeiBoy_来自小红书网页版 | 南海深水采集工作3 甲壳类汇总_6_潮间带FeiBoy_来自小红书网页版 | 南海深水采集工作3 甲壳类汇总_7_潮间带FeiBoy_来自小红书网页版,12,0,12,0,0,0.0,100.0,0.0,3.78,1380,1140,.jpg:12
印度巨尾鱼,1,印度巨尾鱼,12,12,0,0,0,100.0,0.0,0.0,31.92,3402.7,2552,.jpg:12
后点珍灯鱼,4,2015142后点珍灯鱼 | 2016030后点珍灯鱼 | 2017016-017后点珍灯鱼 | 后点珍灯鱼,12,12,0,0,0,100.0,0.0,0.0,15.4,3130.7,3384,.jpg:12
太平洋掠食巨口鱼,1,太平洋掠食巨口鱼,12,12,0,0,0,100.0,0.0,0.0,29.56,3718.7,3486.7,.jpg:12
安达曼钩腕乌贼,1,安达曼钩腕乌贼,12,10,2,0,0,83.3,16.7,0.0,33.83,4556.3,3106.3,.jpg:12
巨额颚糠虾,1,巨额颚糠虾,12,12,0,0,0,100.0,0.0,0.0,51.58,4081.3,3622.7,.jpg:12
带鱼,1,带鱼,12,10,0,2,0,83.3,0.0,16.7,80.9,5545.2,3176.3,.jpg:12
披肩鰧,1,披肩鰧,12,12,0,0,0,100.0,0.0,0.0,142.66,8688,4888,.jpg:12
游棘蛇鲭,1,游棘蛇鲭,12,12,0,0,0,100.0,0.0,0.0,40.13,5074.7,3259.7,.jpg:12
珠赤鮨,1,珠赤鮨,12,10,2,0,0,83.3,16.7,0.0,91.99,7548.5,4239.8,.jpg:12
盔蓑鲉,1,盔蓑鲉,12,12,0,0,0,100.0,0.0,0.0,112.25,7848,4529.3,.jpg:12
短额刺虾,1,短额刺虾,12,12,0,0,0,100.0,0.0,0.0,26.73,3124,2700,.jpg:12
红鳍圆鲹,1,红鳍圆鲹,12,12,0,0,0,100.0,0.0,0.0,126.54,8688,4888,.jpg:12
银色突吻鳗,1,银色突吻鳗,12,4,0,8,0,33.3,0.0,66.7,48.47,3646.7,1854.3,.jpg:12
锤颌鱼,1,锤颌鱼,12,11,1,0,0,91.7,8.3,0.0,46.7,5058.7,3070,.jpg:12
刀光鱼,1,刀光鱼,11,3,4,4,0,27.3,36.4,36.4,34.44,3258,1776.7,.jpg:7; .bmp:4
单带眶棘鲈,1,单带眶棘鲈,11,11,0,0,0,100.0,0.0,0.0,32.19,4490.2,3219.6,.jpg:11
大樱虾,1,大樱虾,11,11,0,0,0,100.0,0.0,0.0,30.64,3575.3,2683.6,.jpg:11
大眼青眼鱼,1,大眼青眼鱼,11,9,0,2,0,81.8,0.0,18.2,77.97,6679.6,3841.8,.jpg:9; .png:2
太平洋筒眼鱼,1,太平洋筒眼鱼,11,11,0,0,0,100.0,0.0,0.0,60.32,4468.4,3102.5,.jpg:11
密棘角鮟鱇,1,密棘角鮟鱇,11,11,0,0,0,100.0,0.0,0.0,25.36,3645.1,3360,.jpg:11
少鳍方头鲳,1,少鳍方头鲳,11,11,0,0,0,100.0,0.0,0.0,31.01,4293.8,3672.7,.jpg:11
横带眶棘鲈,1,横带眶棘鲈,11,9,0,2,0,81.8,0.0,18.2,80.75,6856.2,3855.4,.jpg:11
燕赤鮨,1,燕赤鮨,11,10,0,1,0,90.9,0.0,9.1,25.13,2423,2630.5,.jpg:11
裸蜥鱼,1,裸蜥鱼,11,11,0,0,0,100.0,0.0,0.0,51.59,5178.2,3543.3,.jpg:11
匀斑裸胸鳝,1,匀斑裸胸鳝,10,10,0,0,0,100.0,0.0,0.0,95.14,7820.8,4321.4,.jpg:10
南海深水采集,5,南海深水采集05_2_潮间带FeiBoy_来自小红书网页版 | 南海深水采集05_3_潮间带FeiBoy_来自小红书网页版 | 南海深水采集05_4_潮间带FeiBoy_来自小红书网页版 | 南海深水采集08_4_潮间带FeiBoy_来自小红书网页版 | 南海深水采集08_5_潮间带FeiBoy_来自小红书网页版,10,0,10,0,0,0.0,100.0,0.0,2.75,1080,1440,.jpg:10
多棘腔吻鳕,1,多棘腔吻鳕,10,8,0,2,0,80.0,0.0,20.0,46.0,4815.4,3045.6,.jpg:10
大眼六鳃鲨,1,大眼六鳃鲨,10,10,0,0,0,100.0,0.0,0.0,109.98,8688,4888,.jpg:10
小口兔鲑,1,小口兔鲑,10,10,0,0,0,100.0,0.0,0.0,60.01,4588.8,3168,.jpg:10
拟须虾,1,拟须虾,10,10,0,0,0,100.0,0.0,0.0,28.23,2998.4,2974.2,.jpg:10
斑尾拟鲈,1,斑尾拟鲈,10,10,0,0,0,100.0,0.0,0.0,42.05,5040.9,3292.2,.jpg:10
方头鲳属,1,方头鲳属,10,10,0,0,0,100.0,0.0,0.0,104.04,8688,4888,.jpg:10
日本红娘鱼,1,日本红娘鱼,10,10,0,0,0,100.0,0.0,0.0,85.57,8688,4888,.jpg:10
日本青眼鱼,1,日本青眼鱼,10,10,0,0,0,100.0,0.0,0.0,91.43,8688,4888,.jpg:10
棘箱鲀,1,棘箱鲀,10,8,0,2,0,80.0,0.0,20.0,59.04,6180,3666,.jpg:10
沟额拟玻璃虾,1,沟额拟玻璃虾,10,9,0,1,0,90.0,0.0,10.0,22.96,2832,2695.2,.jpg:10
牛目大眼鲷,1,牛目大眼鲷,10,10,0,0,0,100.0,0.0,0.0,122.1,8688,4888,.jpg:10
犀鳕,1,犀鳕,10,8,0,2,0,80.0,0.0,20.0,56.73,5571.2,3104.4,.jpg:10
红刺鲸,1,红刺鲸,10,10,0,0,0,100.0,0.0,0.0,29.47,3254.4,4339.2,.jpg:10
网肩龙氏鱼,1,网肩龙氏鱼,10,10,0,0,0,100.0,0.0,0.0,62.56,7056,4315.2,.jpg:10
默氏副半节鲂鮄,1,默氏副半节鲂鮄,10,10,0,0,0,100.0,0.0,0.0,103.89,8688,5068.8,.jpg:10
冠头犀孔鲷,1,冠头犀孔鲷,9,7,2,0,0,77.8,22.2,0.0,15.34,2755.6,2691.6,.jpg:9
半滑红虾,1,半滑红虾,9,9,0,0,0,100.0,0.0,0.0,22.19,3447.1,3098.7,.jpg:9
厚头犀孔鲷,1,厚头犀孔鲷,9,9,0,0,0,100.0,0.0,0.0,35.21,4064,3162.7,.jpg:9
叉斑锉鳞鲀,1,叉斑锉鳞鲀,9,7,2,0,0,77.8,22.2,0.0,62.3,6404,3730,.jpg:9
发光鲷,1,发光鲷,9,9,0,0,0,100.0,0.0,0.0,48.93,5669.3,3596.4,.jpg:9
哈氏刁海龙,1,哈氏刁海龙,9,9,0,0,0,100.0,0.0,0.0,86.91,8064,4800,.jpg:9
多指奇巨口鱼,1,多指奇巨口鱼,9,5,4,0,0,55.6,44.4,0.0,12.9,2916,2006,.jpg:9
多耙眶灯鱼,1,多耙眶灯鱼,9,9,0,0,0,100.0,0.0,0.0,21.59,3468.4,3114.7,.jpg:9
大口鲆,1,大口鲆,9,9,0,0,0,100.0,0.0,0.0,60.77,6880,4074.7,.jpg:9
大扁蛛蟹,1,大扁蛛蟹,9,9,0,0,0,100.0,0.0,0.0,21.41,2992,2720,.jpg:9
大西洋方尾鲳,1,大西洋方尾鲳,9,9,0,0,0,100.0,0.0,0.0,44.16,5146.7,3808,.jpg:9
方斑狗母鱼,1,方斑狗母鱼,9,9,0,0,0,100.0,0.0,0.0,70.58,6818.9,3954.9,.jpg:9
桶眼鱼,1,桶眼鱼,9,9,0,0,0,100.0,0.0,0.0,28.65,4430.2,2769.6,.jpg:9
棘线鲬,1,棘线鲬,9,7,2,0,0,77.8,22.2,0.0,67.2,6751.1,3778,.jpg:9
竹荚鱼,1,竹荚鱼,9,7,2,0,0,77.8,22.2,0.0,66.01,6698.2,3840.7,.jpg:9
纵带髭鲷,1,纵带髭鲷,9,8,0,1,0,88.9,0.0,11.1,95.51,7805.6,4418.6,.jpg:9
纵棱异腕虾,1,纵棱异腕虾,9,8,0,1,0,88.9,0.0,11.1,17.01,2622,2649.8,.jpg:9
褶胸鱼,1,褶胸鱼,9,9,0,0,0,100.0,0.0,0.0,65.76,7278.2,4373.3,.jpg:9
角箱鲀,1,角箱鲀,9,9,0,0,0,100.0,0.0,0.0,21.73,2901.3,2810.7,.jpg:9
角鮟鱇,1,角鮟鱇,9,5,4,0,0,55.6,44.4,0.0,45.9,4773.3,3216,.jpg:9
长角弓背虾,1,长角弓背虾,9,8,0,1,0,88.9,0.0,11.1,23.07,3590.1,2411.1,.jpg:9
长额弓背虾,1,长额弓背虾,9,9,0,0,0,100.0,0.0,0.0,23.99,3441.8,2581.3,.jpg:9
颚糠虾属,1,颚糠虾属,9,9,0,0,0,100.0,0.0,0.0,19.67,2810.7,2901.3,.jpg:9
黑刃魣,1,黑刃魣,9,9,0,0,0,100.0,0.0,0.0,43.42,4643.6,3242.7,.jpg:9
冠丝旗鱼幼体,1,冠丝旗鱼幼体,8,8,0,0,0,100.0,0.0,0.0,79.44,8688,4888,.jpg:8
勒氏蓑鲉,1,勒氏蓑鲉,8,4,2,2,0,50.0,25.0,25.0,12.47,2362.2,1977.5,.jpg:8
半滑刺虾,1,半滑刺虾,8,8,0,0,0,100.0,0.0,0.0,22.88,4272,3204,.jpg:8
单棘豹仿佛,1,单棘豹仿佛,8,8,0,0,0,100.0,0.0,0.0,28.2,3648,2736,.jpg:8
印度棘赤刀鱼,1,印度棘赤刀鱼,8,8,0,0,0,100.0,0.0,0.0,98.24,8688,4888,.jpg:8
厚巨口鱼,1,厚巨口鱼,8,8,0,0,0,100.0,0.0,0.0,69.43,7704,4458,.jpg:8
喙吻鳗,1,喙吻鳗,8,8,0,0,0,100.0,0.0,0.0,68.9,5472,3648,.jpg:8
基刺红虾,1,基刺红虾,8,8,0,0,0,100.0,0.0,0.0,18.44,2946,3102,.jpg:8
多钩钩腕乌贼,1,多钩钩腕乌贼,8,8,0,0,0,100.0,0.0,0.0,31.76,4410,3436,.jpg:8
大眼黑巨口鱼,1,大眼黑巨口鱼,8,6,2,0,0,75.0,25.0,0.0,33.82,5203.6,3315.6,.jpg:8
大角鮟鱇属,1,大角鮟鱇属,8,8,0,0,0,100.0,0.0,0.0,87.41,8688,5340,.jpg:8
尖棘鲷,1,尖棘鲷,8,8,0,0,0,100.0,0.0,0.0,62.67,7152,4542,.jpg:8
平头角灯鱼,1,平头角灯鱼,8,6,2,0,0,75.0,25.0,0.0,34.82,4650.8,3175.5,.jpg:8
日本软首鳕,1,日本软首鳕,8,8,0,0,0,100.0,0.0,0.0,91.85,8688,4888,.jpg:8
日本须鰃,1,日本须鰃,8,8,0,0,0,100.0,0.0,0.0,83.81,8688,4888,.jpg:8
日本骨鳂,1,日本骨鳂,8,8,0,0,0,100.0,0.0,0.0,69.67,6583.8,4251,.jpg:8
毛躄鱼,1,毛躄鱼,8,6,2,0,0,75.0,25.0,0.0,19.75,2783,2928,.jpg:8
深海珠目鱼,1,深海珠目鱼,8,8,0,0,0,100.0,0.0,0.0,23.34,4264,3702,.jpg:8
短蛇鲭,1,短蛇鲭,8,2,2,4,0,25.0,25.0,50.0,22.87,3349.5,1743,.jpg:8
红菱鲷,1,红菱鲷,8,8,0,0,0,100.0,0.0,0.0,73.28,8688,4888,.jpg:8
红谐鱼,1,红谐鱼,8,8,0,0,0,100.0,0.0,0.0,78.38,8688,4888,.jpg:8
耀眼底灯鱼,1,耀眼底灯鱼,8,8,0,0,0,100.0,0.0,0.0,8.38,3264,2448,.jpg:8
胸翼鱼,1,胸翼鱼,8,8,0,0,0,100.0,0.0,0.0,37.79,5040,3552,.jpg:8
长体鳝,1,长体鳝,8,8,0,0,0,100.0,0.0,0.0,21.06,3456,2592,.jpg:8
长臂囊头鮋,1,长臂囊头鮋,8,8,0,0,0,100.0,0.0,0.0,84.51,8688,5114,.jpg:8
隆背青眼鱼,1,隆背青眼鱼,8,4,0,4,0,50.0,0.0,50.0,47.06,5288.5,2784.5,.jpg:6; .bmp:2
青鰧,1,青鰧,8,8,0,0,0,100.0,0.0,0.0,88.74,8688,4888,.jpg:8
马氏管天竺鱼,1,马氏管天竺鱼,8,8,0,0,0,100.0,0.0,0.0,40.65,4368,3048,.jpg:8
黄鳍马面鲀,1,黄鳍马面鲀,8,6,0,2,0,75.0,0.0,25.0,53.22,6803,3847,.jpg:8
刀额拟海虾,1,刀额拟海虾,7,7,0,0,0,100.0,0.0,0.0,15.7,2985.7,2860.1,.jpg:7
叉齿蜥,1,叉齿蜥,7,5,1,1,0,71.4,14.3,14.3,14.08,3574.9,2564.6,.jpg:7
双刺静蟹,1,双刺静蟹,7,7,0,0,0,100.0,0.0,0.0,24.46,4086.9,3641.1,.jpg:7
双斑蟳,1,双斑蟳,7,5,0,2,0,71.4,0.0,28.6,10.39,2242.4,1884,.jpg:7
双线唇鱼,1,双线唇鱼,7,5,2,0,0,71.4,28.6,0.0,44.22,5844.4,3770.3,.jpg:7
塔氏樱虾,1,塔氏樱虾,7,7,0,0,0,100.0,0.0,0.0,19.51,3376,2736,.jpg:7
孔雀乌贼,1,孔雀乌贼,7,7,0,0,0,100.0,0.0,0.0,16.12,3654.9,2818.3,.jpg:7
少纹黑巨口鱼,1,少纹黑巨口鱼,7,7,0,0,0,100.0,0.0,0.0,18.56,4470.9,3120,.jpg:7
田边辫鱼,1,田边辫鱼,7,7,0,0,0,100.0,0.0,0.0,74.3,8032,4416.6,.jpg:7
短阿尔蜥灯鱼,1,短阿尔蜥灯鱼,7,5,0,2,0,71.4,0.0,28.6,14.72,3556.3,2118,.jpg:7
短鳃灯鱼属SP,1,短鳃灯鱼属SP,7,7,0,0,0,100.0,0.0,0.0,18.99,4013.7,3010.3,.jpg:7
老板不在,1,老板不在,7,0,7,0,0,0.0,100.0,0.0,2.85,1440,1080,.jpg:7
谷蜥鱼,1,谷蜥鱼,7,7,0,0,0,100.0,0.0,0.0,30.54,4022.9,2886.9,.jpg:7
钩腕乌贼,1,钩腕乌贼,7,6,1,0,0,85.7,14.3,0.0,16.66,3252.7,3557.1,.jpg:7
长鳍带鰆,1,长鳍带鰆,7,6,0,1,0,85.7,0.0,14.3,41.1,4950.9,3784,.jpg:7
阴影绒毛鲨,1,阴影绒毛鲨,7,4,0,3,0,57.1,0.0,42.9,50.09,5426.3,2985.4,.jpg:7
驼背异腕虾,1,驼背异腕虾,7,6,0,1,0,85.7,0.0,14.3,11.72,2671.7,2357.7,.jpg:7
亮眶,1,2015049亮眶,6,6,0,0,0,100.0,0.0,0.0,6.82,4032,3024,.jpg:6
侧斑赤鮨,1,侧斑赤鮨,6,4,2,0,0,66.7,33.3,0.0,10.23,2597.3,2070.7,.jpg:6
克氏眶灯鱼,1,克氏眶灯鱼,6,6,0,0,0,100.0,0.0,0.0,17.91,3264,2448,.jpg:6
公母角鮟鱇,1,公母角鮟鱇,6,0,3,3,0,0.0,50.0,50.0,1.73,1080,1440,.jpg:6
六角箱鲀,1,六角箱鲀,6,6,0,0,0,100.0,0.0,0.0,16.35,2720,2992,.jpg:6
剑额拟海螯虾,1,剑额拟海螯虾,6,0,6,0,0,0.0,100.0,0.0,1.28,1080,1440,.jpg:6
副海鲂,1,副海鲂,6,6,0,0,0,100.0,0.0,0.0,24.03,4831,3156.3,.jpg:6
南海石斑鱼,1,南海石斑鱼,6,3,0,3,0,50.0,0.0,50.0,3.87,1529,1395.3,.jpg:5; .jpeg:1
厚头孔头鲷,1,厚头孔头鲷,6,6,0,0,0,100.0,0.0,0.0,39.9,6944,4794.7,.jpg:6
变色隐棘杜父鱼,1,变色隐棘杜父鱼,6,0,6,0,0,0.0,100.0,0.0,1.89,1080,1440,.jpg:6
古氏魟,1,古氏魟,6,4,0,2,0,66.7,0.0,33.3,13.54,2504,3098.7,.jpg:6
大眼凹腹鳕,1,大眼凹腹鳕,6,6,0,0,0,100.0,0.0,0.0,8.1,3128,2584,.jpg:6
太平洋玻璃虾,1,太平洋玻璃虾,6,6,0,0,0,100.0,0.0,0.0,15.19,3128,2584,.jpg:6
太平洋裸蜥鱼,1,太平洋裸蜥鱼,6,6,0,0,0,100.0,0.0,0.0,25.75,6000,4000,.jpg:6
太平洋褶柔鱼,1,太平洋褶柔鱼,6,6,0,0,0,100.0,0.0,0.0,31.38,5694.7,4048,.jpg:6
宝石石斑鱼,1,宝石石斑鱼,6,4,0,2,0,66.7,0.0,33.3,14.15,2709,1986.3,.jpg:6
宽头底尾鳕,1,宽头底尾鳕,6,6,0,0,0,100.0,0.0,0.0,30.06,5165.3,3634.7,.jpg:6
广东长吻鳐,1,广东长吻鳐,6,6,0,0,0,100.0,0.0,0.0,64.87,8688,4888,.jpg:6
强刺异腕虾,1,强刺异腕虾,6,6,0,0,0,100.0,0.0,0.0,12.97,3224,2712,.jpg:6
心鳍鞭乌贼,1,心鳍鞭乌贼,6,6,0,0,0,100.0,0.0,0.0,20.21,3352,3157.3,.jpg:6
斑乌贼,1,斑乌贼,6,6,0,0,0,100.0,0.0,0.0,12.58,3312,3072,.jpg:6
无刺小口虾姑,1,无刺小口虾姑,6,5,0,1,0,83.3,0.0,16.7,9.08,2573,2342.7,.jpg:6
无齿鲳,1,无齿鲳,6,6,0,0,0,100.0,0.0,0.0,30.24,5072,3261.3,.jpg:6
日本仙鱼,1,日本仙鱼,6,6,0,0,0,100.0,0.0,0.0,61.07,8688,4888,.jpg:6
日本海马,1,日本海马,6,6,0,0,0,100.0,0.0,0.0,17.38,4608,3456,.jpg:6
柔身纤钻光鱼,1,柔身纤钻光鱼,6,6,0,0,0,100.0,0.0,0.0,52.89,5472,3648,.jpg:6
棘鳞蛇鲭,1,棘鳞蛇鲭,6,6,0,0,0,100.0,0.0,0.0,15.22,3562.7,2672,.jpg:6
棘鼬鳚,1,棘鼬鳚,6,0,0,6,0,0.0,0.0,100.0,1.25,1106.7,443.3,.jpg:6
法氏蛇牙龙鰧,1,法氏蛇牙龙鰧,6,6,0,0,0,100.0,0.0,0.0,19.16,4224,3840,.jpg:6
淡红小褐鳕,1,淡红小褐鳕,6,6,0,0,0,100.0,0.0,0.0,64.47,8688,4888,.jpg:6
爱德华红虾,1,爱德华红虾,6,5,1,0,0,83.3,16.7,0.0,8.29,2912,2716,.jpg:6
玻璃玉鲳,1,玻璃玉鲳,6,6,0,0,0,100.0,0.0,0.0,79.43,8688,4888,.jpg:6
瓦氏珍鱼,1,瓦氏珍鱼,6,6,0,0,0,100.0,0.0,0.0,18.74,4160,3120,.jpg:6
瓦鲽,1,瓦鲽,6,4,0,2,0,66.7,0.0,33.3,29.46,6281.3,3700.3,.jpg:4; .bmp:2
盾尾鲨,1,盾尾鲨,6,0,6,0,0,0.0,100.0,0.0,1.23,1080,1440,.jpg:6
石头鲉,1,石头鲉,6,6,0,0,0,100.0,0.0,0.0,14.72,3722.7,3144,.jpg:6
紫红棘虾,1,紫红棘虾,6,3,3,0,0,50.0,50.0,0.0,7.85,2785.8,2282.2,.jpg:6
紫红笛鲷,1,紫红笛鲷,6,2,0,4,0,33.3,0.0,66.7,10.22,2245,1453.7,.jpg:6
绿尾低线鱼,1,绿尾低线鱼,6,6,0,0,0,100.0,0.0,0.0,39.57,6492,3783.7,.jpg:6
艳赤鮨,1,艳赤鮨,6,6,0,0,0,100.0,0.0,0.0,62.07,8688,4888,.jpg:6
花斑蛇鲻,1,花斑蛇鲻,6,4,2,0,0,66.7,33.3,0.0,32.24,5414.7,3170.7,.jpg:6
蛏螂,3,蛏螂_1_潮间带FeiBoy_来自小红书网页版 | 蛏螂_2_潮间带FeiBoy_来自小红书网页版 | 蛏螂_3_潮间带FeiBoy_来自小红书网页版,6,0,6,0,0,0.0,100.0,0.0,1.45,1080,1600,.jpg:6
褐斑海躄鱼,1,褐斑海躄鱼,6,6,0,0,0,100.0,0.0,0.0,59.43,8688,4888,.jpg:6
近苍圆帆鱼,1,近苍圆帆鱼,6,6,0,0,0,100.0,0.0,0.0,35.56,5648,3765.3,.jpg:6
逍遥馒头蟹,1,逍遥馒头蟹,6,6,0,0,0,100.0,0.0,0.0,12.6,3968,2976,.jpg:6
长足拟对虾,1,长足拟对虾,6,6,0,0,0,100.0,0.0,0.0,17.73,2816,3362.7,.jpg:6
食蟹豆齿鳗,1,食蟹豆齿鳗,6,2,2,2,0,33.3,33.3,33.3,7.55,2250,1308.7,.jpg:6
高体鲹,1,高体鲹,6,6,0,0,0,100.0,0.0,0.0,57.22,8688,5189.3,.jpg:6
鲽形目yg,1,鲽形目yg,6,6,0,0,0,100.0,0.0,0.0,14.06,3264,2448,.jpg:6
鳞睡鲨,1,鳞睡鲨,6,0,6,0,0,0.0,100.0,0.0,2.8,1200,1480,.jpg:6
东方板梭蟹,1,东方板梭蟹,5,5,0,0,0,100.0,0.0,0.0,44.17,7603.2,4400,.jpg:5
丝发深巨口鱼,1,丝发深巨口鱼,5,3,0,2,0,60.0,0.0,40.0,7.57,2844.8,1828.8,.jpg:5
光唇鲨,1,光唇鲨,5,1,0,4,0,20.0,0.0,80.0,1.03,1256.4,1066.8,.jpg:5
台湾橙黄鲨,1,台湾橙黄鲨,5,1,4,0,0,20.0,80.0,0.0,12.2,2177.6,1203.2,.jpg:3; .bmp:2
叶眶灯鱼,1,叶眶灯鱼,5,5,0,0,0,100.0,0.0,0.0,5.19,3427.2,3628.8,.jpg:5
大眼方尾鲳,1,大眼方尾鲳,5,4,1,0,0,80.0,20.0,0.0,15.17,2941.2,2860.8,.jpg:5
头带副绯鲤,1,头带副绯鲤,5,5,0,0,0,100.0,0.0,0.0,8.0,3264,2448,.jpg:5
安氏眶灯鱼,1,安氏眶灯鱼,5,5,0,0,0,100.0,0.0,0.0,48.68,8688,4888,.jpg:5
小海鲂,1,小海鲂,5,5,0,0,0,100.0,0.0,0.0,25.73,5612.8,3558.4,.jpg:5
尖刺糙虾姑,1,尖刺糙虾姑,5,5,0,0,0,100.0,0.0,0.0,8.43,2937.6,2774.4,.jpg:5
尖嘴魟,1,尖嘴魟,5,3,2,0,0,60.0,40.0,0.0,11.39,3165.6,2554,.jpg:5
巨额拟须虾,1,巨额拟须虾（雄）,5,5,0,0,0,100.0,0.0,0.0,8.71,2937.6,2774.4,.jpg:5
带底灯鱼,1,带底灯鱼,5,5,0,0,0,100.0,0.0,0.0,12.71,3779.2,3187.2,.jpg:5
弓头燕鳐,1,弓头燕鳐,5,5,0,0,0,100.0,0.0,0.0,30.55,4867.2,3571.2,.jpg:5
拟灯笼鱼,1,拟灯笼鱼,5,5,0,0,0,100.0,0.0,0.0,12.32,4505.6,2127.6,.jpg:5
新鳞鲉,1,新鳞鲉,5,4,1,0,0,80.0,20.0,0.0,8.36,3018.4,2196,.jpg:5
日本飞鱿,1,日本飞鱿,5,5,0,0,0,100.0,0.0,0.0,9.99,4352,2448,.jpg:5
灰裸顶鲷,1,灰裸顶鲷,5,5,0,0,0,100.0,0.0,0.0,11.62,3264,2448,.jpg:5
玻璃虾sp,1,玻璃虾sp,5,5,0,0,0,100.0,0.0,0.0,19.82,3731.2,3298.8,.jpg:5
相似寄居蟹,1,相似寄居蟹,5,5,0,0,0,100.0,0.0,0.0,11.62,4505.6,2127.6,.jpg:5
短额弓背虾,1,短额弓背虾,5,5,0,0,0,100.0,0.0,0.0,11.94,3836.8,3014,.jpg:5
红斑宦虾,1,红斑宦虾,5,5,0,0,0,100.0,0.0,0.0,9.75,2889.6,3091.2,.jpg:5
纹鳍深水䲗,1,纹鳍深水䲗,5,3,2,0,0,60.0,40.0,0.0,5.31,2798,2098.4,.jpg:5
缘吻鳗,1,缘吻鳗,5,5,0,0,0,100.0,0.0,0.0,7.6,3264,2448,.jpg:5
长蜥鱼属,1,长蜥鱼属,5,5,0,0,0,100.0,0.0,0.0,10.66,4108.8,3081.6,.jpg:5
闪光肩灯鱼,1,闪光肩灯鱼,5,5,0,0,0,100.0,0.0,0.0,16.26,4160,3120,.jpg:5
难决绿虾,1,难决绿虾,5,5,0,0,0,100.0,0.0,0.0,10.6,3264,2448,.jpg:5
东方黄鲂鮄,1,东方黄鲂鮄,4,0,0,4,0,0.0,0.0,100.0,3.65,957.5,475.5,.bmp:2; .jpg:2
丽叶参,1,丽叶参,4,0,0,4,0,0.0,0.0,100.0,0.78,881,532,.jpg:4
九齿扇虾,1,九齿扇虾,4,4,0,0,0,100.0,0.0,0.0,14.39,3648,2736,.jpg:4
仙鮋鳚,1,仙鮋鳚,4,4,0,0,0,100.0,0.0,0.0,33.6,8688,4888,.jpg:4
仙鼬鳚,1,仙鼬鳚,4,2,0,2,0,50.0,0.0,50.0,7.26,2265,1562,.jpg:4
仿泡粒乌拉西蟹 Urashima pustuloides,1,仿泡粒乌拉西蟹 Urashima pustuloides,4,0,2,2,0,0.0,50.0,50.0,3.93,906,1003,.jpg:2; .bmp:2
倒棘鲬,1,倒棘鲬,4,1,3,0,0,25.0,75.0,0.0,3.15,2399,1457.5,.jpg:4
光鳃鱼sp,1,光鳃鱼sp,4,4,0,0,0,100.0,0.0,0.0,42.85,8688,4888,.jpg:4
前鳍盗目鱼,1,前鳍盗目鱼,4,4,0,0,0,100.0,0.0,0.0,18.87,4884,3344,.jpg:4
单棘虻鮋,1,单棘虻鮋,4,4,0,0,0,100.0,0.0,0.0,40.81,8688,4888,.jpg:4
单角革鲀,1,单角革鲀,4,4,0,0,0,100.0,0.0,0.0,4.07,1903.5,1740,.jpg:4
单须刺巨口鱼,1,单须刺巨口鱼,4,4,0,0,0,100.0,0.0,0.0,7.34,2176,4608,.jpg:4
印度刀齿蜥鱼,1,印度刀齿蜥鱼,4,4,0,0,0,100.0,0.0,0.0,9.41,3264,2448,.jpg:4
原鲨,1,原鲨,4,0,0,4,0,0.0,0.0,100.0,0.51,1148.5,332.5,.jpg:4
双喙耳乌贼,1,双喙耳乌贼,4,4,0,0,0,100.0,0.0,0.0,10.56,2515.5,4160,.jpg:4
双灯灯笼鱼,1,双灯灯笼鱼,4,4,0,0,0,100.0,0.0,0.0,13.73,4344,3000,.jpg:4
哈氏弱蜥鱼,1,哈氏弱蜥鱼,4,4,0,0,0,100.0,0.0,0.0,42.48,8688,4888,.jpg:4
四丝深巨口鱼,1,四丝深巨口鱼,4,0,4,0,0,0.0,100.0,0.0,0.71,1500,1260,.jpg:4
圆帆鱼属,1,圆帆鱼属,4,4,0,0,0,100.0,0.0,0.0,36.19,8688,4888,.jpg:4
土佐鳒鲆,1,土佐鳒鲆,4,4,0,0,0,100.0,0.0,0.0,10.2,3812.8,2595.2,.jpg:4
壮灯鱼属3种,1,壮灯鱼属3种,4,3,1,0,0,75.0,25.0,0.0,7.09,3349.5,2511.2,.jpg:4
多斑粗鳍鱼,1,多斑粗鳍鱼,4,4,0,0,0,100.0,0.0,0.0,7.43,3472,3472,.jpg:4
大斑石鲈,1,大斑石鲈,4,2,0,2,0,50.0,0.0,50.0,3.04,1603,1122.5,.jpg:4
大斑鳒鲆,1,大斑鳒鲆,4,4,0,0,0,100.0,0.0,0.0,10.76,2814.2,2662.5,.jpg:4
大棘角鲂鮄,1,大棘角鲂鮄,4,2,0,2,0,50.0,0.0,50.0,7.44,2299,1630,.jpg:4
大牙斑鲆,1,大牙斑鲆,4,4,0,0,0,100.0,0.0,0.0,47.75,8688,4888,.jpg:4
大等鳌蟹,2,大等鳌蟹_1_潮间带FeiBoy_来自小红书网页版 | 大等鳌蟹（小个体公蟹）_1_潮间带FeiBoy_来自小红书网页版,4,0,4,0,0,0.0,100.0,0.0,1.35,1464,2011.5,.jpg:4
大鳞短颌鲆,1,大鳞短颌鲆,4,3,0,1,0,75.0,0.0,25.0,4.04,2344.5,1867.8,.jpg:4
太平洋桶眼鱼,1,太平洋桶眼鱼,4,3,1,0,0,75.0,25.0,0.0,9.84,3072,3214,.jpg:4
太平洋菩提鱼,1,太平洋菩提鱼,4,4,0,0,0,100.0,0.0,0.0,37.29,8688,4888,.jpg:4
太平洋魣蜥鱼,1,太平洋魣蜥鱼,4,2,0,2,0,50.0,0.0,50.0,9.58,3942,2345,.jpg:4
奇眼珍鱼,1,奇眼珍鱼,4,4,0,0,0,100.0,0.0,0.0,43.13,8688,4888,.jpg:4
安德烈斯塔氏鱼,1,安德烈斯塔氏鱼,4,4,0,0,0,100.0,0.0,0.0,9.52,3712,3792,.jpg:4
小公鱼属,1,小公鱼属,4,4,0,0,0,100.0,0.0,0.0,43.73,8688,5792,.jpg:4
小头左鲆,1,小头左鲆,4,0,0,4,0,0.0,0.0,100.0,1.0,1028,477.5,.jpg:4
小眼方尾鲳,1,小眼方尾鲳,4,4,0,0,0,100.0,0.0,0.0,31.54,5472,3648,.jpg:4
小鳍新灯鱼,1,小鳍新灯鱼,4,4,0,0,0,100.0,0.0,0.0,23.18,6360,3956,.jpg:4
小鳞沟虾虎鱼,1,小鳞沟虾虎鱼,4,0,2,2,0,0.0,50.0,50.0,1.68,1511.5,626,.jpg:4
尖刺糙虾蛄,1,尖刺糙虾蛄,4,4,0,0,0,100.0,0.0,0.0,13.43,3648,2736,.jpg:4
尖尾倒刺鲀,1,尖尾倒刺鲀,4,2,2,0,0,50.0,50.0,0.0,5.44,2627,1968,.jpg:4
尾丝副单角鲀,1,尾丝副单角鲀,4,4,0,0,0,100.0,0.0,0.0,38.43,8688,4888,.jpg:4
布氏大眼鲷,1,布氏大眼鲷,4,4,0,0,0,100.0,0.0,0.0,53.69,8688,4888,.jpg:4
平额鱼,1,平额鱼,4,4,0,0,0,100.0,0.0,0.0,15.66,4352,3264,.jpg:4
康氏小公鱼,1,康氏小公鱼,4,2,2,0,0,50.0,50.0,0.0,2.65,1873.5,1173.5,.jpg:4
异鳞海蜥鱼,1,异鳞海蜥鱼,4,2,2,0,0,50.0,50.0,0.0,5.52,1764,2352,.jpg:4
惠特利氏眶灯鱼,1,惠特利氏眶灯鱼,4,4,0,0,0,100.0,0.0,0.0,5.3,3780,3276,.jpg:4
拟鲈 幼体,1,拟鲈 幼体,4,4,0,0,0,100.0,0.0,0.0,8.76,3456,4608,.jpg:4
敖氏红虾,1,敖氏红虾,4,2,0,2,0,50.0,0.0,50.0,4.12,1905.2,1518.2,.jpg:4
斯氏蝰鱼,1,斯氏蝰鱼,4,0,4,0,0,0.0,100.0,0.0,1.86,1739,1260,.jpg:4
施氏短尾康吉鳗,1,施氏短尾康吉鳗,4,0,4,0,0,0.0,100.0,0.0,2.63,1739,1260,.jpg:4
日本副眶棘鲈,1,日本副眶棘鲈,4,3,1,0,0,75.0,25.0,0.0,5.28,2865,2505.8,.jpg:4
日本巨大眼鲷,1,日本巨大眼鲷,4,4,0,0,0,100.0,0.0,0.0,50.11,8688,4888,.jpg:4
日本沙鲽,1,日本沙鲽,4,4,0,0,0,100.0,0.0,0.0,5.56,3648,2736,.jpg:4
日本疵喙鱼,1,日本疵喙鱼,4,4,0,0,0,100.0,0.0,0.0,28.67,5472,3648,.jpg:4
日本胸棘鲷,1,日本胸棘鲷,4,0,4,0,0,0.0,100.0,0.0,1.07,1248,1080,.jpg:4
日本角鲨,1,日本角鲨,4,2,0,2,0,50.0,0.0,50.0,15.85,2149.5,1858,.jpg:2; .bmp:2
日本锯鲨,1,日本锯鲨,4,0,2,2,0,0.0,50.0,50.0,1.36,1982,721.5,.jpg:4
松原烛光鱼,1,松原烛光鱼,4,4,0,0,0,100.0,0.0,0.0,11.99,4479.8,2115.5,.jpg:4
松球鱼,1,松球鱼,4,2,1,1,0,50.0,25.0,25.0,3.35,2253.8,1927,.jpg:4
柔鱼,1,柔鱼,4,4,0,0,0,100.0,0.0,0.0,8.11,3856,3396,.jpg:4
柱光鱼,1,柱光鱼,4,4,0,0,0,100.0,0.0,0.0,11.54,4391,2988,.jpg:4
栉鳍乌贼,1,栉鳍乌贼,4,4,0,0,0,100.0,0.0,0.0,13.6,3692,3020,.jpg:4
横带副眶棘鲈,1,横带副眶棘鲈,4,4,0,0,0,100.0,0.0,0.0,6.93,3069,2301.8,.jpg:4
樱虾sp,1,樱虾sp,4,3,0,1,0,75.0,0.0,25.0,10.4,3016,3066,.jpg:4
比氏六鳃魟,1,比氏六鳃魟,4,0,4,0,0,0.0,100.0,0.0,1.8,1260,1260,.jpg:4
毛圆扇虾,1,毛圆扇虾,4,4,0,0,0,100.0,0.0,0.0,43.55,8688,4888,.jpg:4
水珍鱼,1,水珍鱼,4,1,0,3,0,25.0,0.0,75.0,2.23,1564.5,907.5,.jpg:4
沈氏金鳞,1,沈氏金鳞,4,2,0,2,0,50.0,0.0,50.0,4.4,2067,1577,.jpg:4
海龙,1,海龙,4,2,2,0,0,50.0,50.0,0.0,4.57,2268,3024.5,.jpg:4
深水大眼鲷,1,深水大眼鲷,4,4,0,0,0,100.0,0.0,0.0,51.58,8688,4888,.jpg:4
满月沙鲽,1,满月沙鲽,4,4,0,0,0,100.0,0.0,0.0,37.98,8688,4888,.jpg:4
灯笼棘鲛,1,灯笼棘鲛,4,0,2,2,0,0.0,50.0,50.0,4.74,3200,684,.jpg:4
玫瑰毒鲉,1,玫瑰毒鲉,4,4,0,0,0,100.0,0.0,0.0,14.94,4323.5,4160,.jpg:4
环纹海蝠鱼,1,环纹海蝠鱼,4,4,0,0,0,100.0,0.0,0.0,4.54,3264,2448,.jpg:4
珠粒真寄居蟹,1,珠粒真寄居蟹,4,4,0,0,0,100.0,0.0,0.0,9.06,3081.2,3600.8,.jpg:4
琉璃玉鲳,1,琉璃玉鲳,4,2,0,2,0,50.0,0.0,50.0,7.55,2242.5,1655.5,.jpg:4
疣污泥褐虾,1,疣污泥褐虾,4,4,0,0,0,100.0,0.0,0.0,7.8,3968,2976,.jpg:4
白舌尾甲鲹,1,白舌尾甲鲹,4,4,0,0,0,100.0,0.0,0.0,13.59,3648,2736,.jpg:4
盗目鱼属,1,盗目鱼属,4,4,0,0,0,100.0,0.0,0.0,41.02,8688,4888,.jpg:4
真鲷,1,真鲷,4,2,0,2,0,50.0,0.0,50.0,1.73,1239.5,1352,.jpg:4
石川粗鳍鱼,1,石川粗鳍鱼,4,4,0,0,0,100.0,0.0,0.0,29.96,5616,3744,.jpg:4
神奈川旋杜父鱼,1,神奈川旋杜父鱼,4,0,4,0,0,0.0,100.0,0.0,1.59,1260,1260,.jpg:4
窄小镰虾,1,窄小镰虾,4,0,0,4,0,0.0,0.0,100.0,0.56,1080,1440,.jpg:4
笛鲷 幼体,1,笛鲷 幼体,4,4,0,0,0,100.0,0.0,0.0,9.24,3712,3792,.jpg:4
米氏拟圆壳蟹,1,米氏拟圆壳蟹,4,2,0,2,0,50.0,0.0,50.0,4.44,2199,1758.5,.jpg:4
米鲨鱼与鳗鱼,1,米鲨鱼与鳗鱼,4,0,4,0,0,0.0,100.0,0.0,0.96,1260,1380,.jpg:4
粒牙欧氏䲢,1,粒牙欧氏䲢,4,4,0,0,0,100.0,0.0,0.0,34.58,8688,4888,.jpg:4
粗纹鰏,1,粗纹鰏,4,4,0,0,0,100.0,0.0,0.0,39.63,8688,4888,.jpg:4
糠虾幼体,1,糠虾幼体,4,4,0,0,0,100.0,0.0,0.0,34.39,5472,3648,.jpg:4
紫隆背蟹,1,紫隆背蟹,4,2,0,2,0,50.0,0.0,50.0,3.49,1939.5,1454.5,.jpg:4
红斑后海螯虾,1,红斑后海螯虾,4,1,2,1,0,25.0,50.0,25.0,3.45,2071.5,1372,.jpg:4
纤钻光鱼,1,纤钻光鱼,4,4,0,0,0,100.0,0.0,0.0,8.58,2727.5,4016,.jpg:4
维里拟银眼鲷,1,维里拟银眼鲷,4,0,2,2,0,0.0,50.0,50.0,5.38,1152.5,882.5,.bmp:2; .jpg:2
美拟鲈,1,美拟鲈,4,4,0,0,0,100.0,0.0,0.0,7.89,3968,2976,.jpg:4
膜首鱈属,1,膜首鱈属,4,4,0,0,0,100.0,0.0,0.0,42.0,8688,4888,.jpg:4
船艄,1,船艄,4,4,0,0,0,100.0,0.0,0.0,10.85,3472,3472,.jpg:4
藻虾sp,1,藻虾sp,4,4,0,0,0,100.0,0.0,0.0,13.79,3648,2736,.jpg:4
虾蛄sp,1,虾蛄sp,4,4,0,0,0,100.0,0.0,0.0,12.72,3456,2592,.jpg:4
蛇鲻,1,蛇鲻,4,1,2,1,0,25.0,50.0,25.0,3.21,2711.5,1055.8,.jpg:4
蛸乌贼,1,蛸乌贼,4,4,0,0,0,100.0,0.0,0.0,11.68,3408,3472,.jpg:4
蟳sp,1,蟳sp,4,4,0,0,0,100.0,0.0,0.0,13.98,3648,2736,.jpg:4
裘氏小沙丁鱼,1,裘氏小沙丁鱼,4,0,0,4,0,0.0,0.0,100.0,0.81,1031,450,.jpg:4
诺贝珍灯鱼,3,2015075诺贝珍灯鱼 | 2016035诺贝珍灯鱼 | 2017172诺贝珍灯鱼,4,4,0,0,0,100.0,0.0,0.0,4.09,3648,2736,.jpg:4
赤鮨,1,赤鮨,4,4,0,0,0,100.0,0.0,0.0,35.16,8688,4888,.jpg:4
赤鱿Ommastrephes bartrami,1,赤鱿Ommastrephes bartrami,4,4,0,0,0,100.0,0.0,0.0,14.33,5472,3072,.jpg:4
软鱼,1,软鱼,4,0,0,4,0,0.0,0.0,100.0,0.93,938,542,.jpg:4
金线鱼,1,金线鱼,4,2,2,0,0,50.0,50.0,0.0,8.13,2746.5,1849.5,.jpg:4
钝孔虾虎鱼,1,钝孔虾虎鱼,4,0,2,2,0,0.0,50.0,50.0,2.72,1777,641,.jpg:4
锯蓑鲉,1,锯蓑鲉,4,4,0,0,0,100.0,0.0,0.0,13.86,3648,2736,.jpg:4
锯齿鳗科sp,1,锯齿鳗科sp,4,4,0,0,0,100.0,0.0,0.0,30.32,5472,3648,.jpg:4
长手隆背蟹,1,长手隆背蟹,4,4,0,0,0,100.0,0.0,0.0,9.57,2624,3084,.jpg:4
长棘银鲈,1,长棘银鲈,4,0,2,2,0,0.0,50.0,50.0,2.3,1219,991,.jpg:4
长鳍带䲠,1,长鳍带䲠,4,3,1,0,0,75.0,25.0,0.0,15.68,4527,2568,.jpg:4
长鳍羊舌鲆,1,长鳍羊舌鲆,4,0,0,4,0,0.0,0.0,100.0,1.08,980,574,.jpg:4
霍氏光尾鲨,1,霍氏光尾鲨,4,0,2,2,0,0.0,50.0,50.0,1.53,1739,1260,.jpg:4
鞘乌贼,1,鞘乌贼,4,4,0,0,0,100.0,0.0,0.0,16.12,6000,4000,.jpg:4
颌光鱼属,1,颌光鱼属,4,4,0,0,0,100.0,0.0,0.0,11.35,4608,3456,.jpg:4
颌圆鲹,1,颌圆鲹,4,4,0,0,0,100.0,0.0,0.0,41.7,8688,4888,.jpg:4
高棘管鞭虾,1,高棘管鞭虾,4,4,0,0,0,100.0,0.0,0.0,14.17,3648,2736,.jpg:4
高棱鲷,1,高棱鲷,4,4,0,0,0,100.0,0.0,0.0,42.72,8688,4888,.jpg:4
高鳍鲂,1,高鳍鲂,4,4,0,0,0,100.0,0.0,0.0,48.15,8688,4888,.jpg:4
鲀形目幼体,1,鲀形目幼体,4,4,0,0,0,100.0,0.0,0.0,11.18,4608,3456,.jpg:4
鲨未定,1,鲨未定,4,4,0,0,0,100.0,0.0,0.0,38.56,8688,4888,.jpg:4
鲭鲈,1,鲭鲈,4,4,0,0,0,100.0,0.0,0.0,11.38,3012,3064,.jpg:4
鳞眼鲽,1,鳞眼鲽,4,4,0,0,0,100.0,0.0,0.0,38.64,8688,4888,.jpg:4
鸵拟蜘蛛蟹Paramaja gibba南海150-300 米螃蟹采集,2,鸵拟蜘蛛蟹Paramaja gibba南海150-300 米螃蟹采集_7_潮间带FeiBoy_来自小红书网页版 | 鸵拟蜘蛛蟹Paramaja gibba南海150-300 米螃蟹采集_8_潮间带FeiBoy_来自小红书网页版,4,0,4,0,0,0.0,100.0,0.0,0.9,1080,1440,.jpg:4
黄斑圆刺鲀,1,黄斑圆刺鲀,4,4,0,0,0,100.0,0.0,0.0,38.29,8688,4888,.jpg:4
黑壮灯鱼,1,黑壮灯鱼,4,4,0,0,0,100.0,0.0,0.0,11.46,3768,3504,.jpg:4
黑鳍舌鳎,1,黑鳍舌鳎,4,2,0,2,0,50.0,0.0,50.0,7.71,2339,1626,.jpg:4
东方真巨口鱼,1,东方真巨口鱼,3,3,0,0,0,100.0,0.0,0.0,5.05,3072,3461.3,.jpg:3
东方豹魴鮄,1,东方豹魴鮄,3,3,0,0,0,100.0,0.0,0.0,2.15,2488,1866,.jpg:3
中华管鞭虾,1,中华管鞭虾,3,3,0,0,0,100.0,0.0,0.0,6.87,4352,3264,.jpg:3
伏氏眶棘鲈,1,伏氏眶棘鲈,3,3,0,0,0,100.0,0.0,0.0,3.72,2876,2157,.jpg:3
克氏大角鮟鱇,1,克氏大角鮟鱇,3,2,1,0,0,66.7,33.3,0.0,5.26,2566,2242,.jpg:3
克氏蛇牙龙鰧,1,克氏蛇牙龙鰧,3,3,0,0,0,100.0,0.0,0.0,13.14,4064,2079,.jpg:3
几内亚长蜥鱼,1,几内亚长蜥鱼,3,3,0,0,0,100.0,0.0,0.0,12.79,5472,3072,.jpg:3
史氏真巨口鱼,1,史氏真巨口鱼,3,3,0,0,0,100.0,0.0,0.0,5.06,4245.3,2640,.jpg:3
司氏凯名荷,1,司氏凯名荷,3,3,0,0,0,100.0,0.0,0.0,31.84,8688,5189.3,.jpg:3
多鳞孔头鲷,1,多鳞孔头鲷,3,3,0,0,0,100.0,0.0,0.0,6.25,3888,3392,.jpg:3
大耳马鲛鱼,1,大耳马鲛鱼,3,3,0,0,0,100.0,0.0,0.0,5.37,2592,1944,.jpg:3
大西洋裸蜥鱼,1,大西洋裸蜥鱼,3,3,0,0,0,100.0,0.0,0.0,5.15,3520,2640,.jpg:3
太平洋深海鲑,1,太平洋深海鲑,3,2,0,1,0,66.7,0.0,33.3,5.59,3253.3,2440,.jpg:3
安德列斯塔氏鱼,1,安德列斯塔氏鱼,3,3,0,0,0,100.0,0.0,0.0,6.73,2720,2992,.jpg:3
寿鱼,1,寿鱼,3,0,0,3,0,0.0,0.0,100.0,0.78,832,656.3,.jpg:3
小鳍棘鲬,1,小鳍棘鲬,3,2,0,1,0,66.7,0.0,33.3,2.62,2256,2280,.jpg:3
少鳞拟鲆,1,少鳞拟鲆,3,3,0,0,0,100.0,0.0,0.0,7.39,2424,2415.3,.jpg:3
巨翼蛸乌贼,1,巨翼蛸乌贼,3,3,0,0,0,100.0,0.0,0.0,5.5,3989.3,2448,.jpg:3
巨螯拟人面蟹,1,巨螯拟人面蟹,3,1,0,2,0,33.3,0.0,66.7,11.38,1975.3,1478,.bmp:2; .jpg:1
心鳍鞭鸟贼,1,心鳍鞭鸟贼,3,3,0,0,0,100.0,0.0,0.0,10.53,2095.3,4437.3,.jpg:3
拟棘花鮨,1,拟棘花鮨,3,3,0,0,0,100.0,0.0,0.0,3.08,3776,2832,.jpg:3
拟背斑扁鲨,1,拟背斑扁鲨,3,3,0,0,0,100.0,0.0,0.0,10.4,3648,2736,.jpg:3
斑鳍天竺鱼,1,斑鳍天竺鱼,3,1,2,0,0,33.3,66.7,0.0,2.9,2128,1305.3,.jpg:3
斑鳍方头鱼,1,斑鳍方头鱼,3,1,0,2,0,33.3,0.0,66.7,2.24,1865.3,1166.7,.jpg:3
新灯鱼属,1,新灯鱼属,3,3,0,0,0,100.0,0.0,0.0,17.27,3968,2976,.jpg:3
施氏钩腕乌贼,1,施氏钩腕乌贼,3,3,0,0,0,100.0,0.0,0.0,10.69,3200,3482.7,.jpg:3
日本扁鲨,1,日本扁鲨,3,1,0,2,0,33.3,0.0,66.7,2.9,1841.3,1229.3,.jpg:3
日本美尾䲗,1,日本美尾䲗,3,3,0,0,0,100.0,0.0,0.0,4.79,2513.3,2877,.jpg:3
日本雌指虾姑,1,日本雌指虾姑,3,1,2,0,0,33.3,66.7,0.0,2.5,2138,2216,.jpg:3
日本齿指虾姑,1,日本齿指虾姑,3,3,0,0,0,100.0,0.0,0.0,10.05,2996.7,3605,.jpg:3
柳叶鳗,1,柳叶鳗,3,1,2,0,0,33.3,66.7,0.0,9.43,3616,2589.3,.jpg:3
根室鲁氏鱼,1,根室鲁氏鱼,3,0,3,0,0,0.0,100.0,0.0,0.51,1280,960,.jpg:3
毛虾属,1,毛虾属,3,3,0,0,0,100.0,0.0,0.0,5.93,2448,3264,.jpg:3
水母玉鲳,1,水母玉鲳,3,3,0,0,0,100.0,0.0,0.0,5.49,3776,2832,.jpg:3
油魣,1,油魣,3,2,0,1,0,66.7,0.0,33.3,24.39,6133.3,3514.7,.jpg:2; .jpeg:1
浅黑尾灯鱼,1,浅黑尾灯鱼,3,3,0,0,0,100.0,0.0,0.0,4.06,3264,2448,.jpg:3
深海鮋,1,深海鮋,3,3,0,0,0,100.0,0.0,0.0,9.25,3456,4608,.jpg:3
溞状幼体,1,溞状幼体,3,2,0,1,0,66.7,0.0,33.3,6.62,2511.3,2448.7,.jpg:3
灯笼棘鲮,1,灯笼棘鲮,3,3,0,0,0,100.0,0.0,0.0,5.04,2448,2448,.jpg:3
狼绵鳚属,1,狼绵鳚属,3,0,3,0,0,0.0,100.0,0.0,1.52,2031,708,.jpg:3
短吻六鳃魟,1,短吻六鳃魟,3,3,0,0,0,100.0,0.0,0.0,5.97,3264,2448,.jpg:3
短尾康吉鳗科,1,短尾康吉鳗科,3,0,3,0,0,0.0,100.0,0.0,1.66,3288,772,.jpg:3
繁星鲆,1,繁星鲆,3,3,0,0,0,100.0,0.0,0.0,2.25,2488,1866,.jpg:3
红笛鲷,1,红笛鲷,3,1,2,0,0,33.3,66.7,0.0,9.33,2876,1950.7,.jpg:3
细颌鳗,1,细颌鳗,3,0,0,3,0,0.0,0.0,100.0,0.36,1182.7,338.7,.jpg:3
细鳞圆鲹,1,细鳞圆鲹,3,3,0,0,0,100.0,0.0,0.0,9.56,2276.7,3541.3,.jpg:3
绵蟹,1,绵蟹,3,2,0,1,0,66.7,0.0,33.3,1.88,1650,1383.3,.jpg:3
绿鳍鱼,1,绿鳍鱼,3,1,0,2,0,33.3,0.0,66.7,1.61,1812.7,1175.3,.jpg:3
莫氏轴光鱼,1,莫氏轴光鱼,3,3,0,0,0,100.0,0.0,0.0,14.08,5472,3072,.jpg:3
虾姑幼体,1,虾姑幼体,3,2,0,1,0,66.7,0.0,33.3,7.51,2464,3005.3,.jpg:3
蛇牙龙䲢,1,蛇牙龙䲢,3,3,0,0,0,100.0,0.0,0.0,14.44,5472,3072,.jpg:3
蝌蚪花须鼬鳚,1,蝌蚪花须鼬鳚,3,3,0,0,0,100.0,0.0,0.0,9.41,4608,2176,.jpg:3
褐篮子鱼,1,褐篮子鱼,3,3,0,0,0,100.0,0.0,0.0,38.98,8688,4888,.jpg:3
软首鳕,1,软首鳕,3,3,0,0,0,100.0,0.0,0.0,8.42,3120,4160,.jpg:3
达氏七鳃鲨,1,达氏七鳃鲨,3,3,0,0,0,100.0,0.0,0.0,5.16,2448,2448,.jpg:3
达氏眶形蟹,1,达氏眶形蟹,3,3,0,0,0,100.0,0.0,0.0,3.07,2028,2300,.jpg:3
鄂形圆颌针鱼,1,鄂形圆颌针鱼,3,3,0,0,0,100.0,0.0,0.0,9.27,4437.3,2095.3,.jpg:3
金乌贼,1,金乌贼,3,3,0,0,0,100.0,0.0,0.0,12.48,3456,3189.3,.jpg:3
长臂囊头鲉,1,长臂囊头鲉,3,1,0,2,0,33.3,0.0,66.7,2.28,1614.7,1150.7,.jpg:3
长蛸,1,长蛸,3,0,0,3,0,0.0,0.0,100.0,0.64,1068.7,457.7,.jpg:3
长须凹腹鳕,1,长须凹腹鳕,3,3,0,0,0,100.0,0.0,0.0,8.22,3264,2448,.jpg:3
项鳞鰧,1,项鳞鰧,3,3,0,0,0,100.0,0.0,0.0,6.36,3612,2365,.jpg:3
魣蜥鱼科,1,魣蜥鱼科,3,3,0,0,0,100.0,0.0,0.0,13.23,5472,3072,.jpg:3
鲭科,1,鲭科,3,3,0,0,0,100.0,0.0,0.0,9.03,4608,3456,.jpg:3
鸟乌贼,1,鸟乌贼,3,3,0,0,0,100.0,0.0,0.0,6.96,2976,3184,.jpg:3
黑斑绯鲤,1,黑斑绯鲤,3,3,0,0,0,100.0,0.0,0.0,3.65,2138,2216,.jpg:3
黑线银鲛,1,黑线银鲛,3,0,1,2,0,0.0,33.3,66.7,0.78,1136,968,.jpg:3
鼠鱚,1,鼠鱚,3,0,0,3,0,0.0,0.0,100.0,0.58,1113,422,.jpg:3
龙虾幼体,1,龙虾幼体,3,2,0,1,0,66.7,0.0,33.3,3.71,3125.3,2344,.jpg:3
七刺栗壳蟹,1,七刺栗壳蟹,2,2,0,0,0,100.0,0.0,0.0,3.68,4032,3024,.jpg:2
东方叉吻鲂鮄,1,东方叉吻鲂鮄,2,0,0,2,0,0.0,0.0,100.0,4.9,1371,468,.bmp:2
东方拟额虾,1,东方拟额虾,2,2,0,0,0,100.0,0.0,0.0,5.62,3264,2448,.jpg:2
"东沙奇异峨螺 Phaenomenella insulapratasensis (Okutani & Lan,",1,"东沙奇异峨螺 Phaenomenella insulapratasensis (Okutani & Lan, 1994",2,0,0,2,0,0.0,0.0,100.0,0.27,1080,1440,.jpg:2
丝须深巨口鱼,1,丝须深巨口鱼,2,2,0,0,0,100.0,0.0,0.0,3.83,3968,2976,.jpg:2
丝鳍紫鱼,1,丝鳍紫鱼,2,2,0,0,0,100.0,0.0,0.0,3.58,3264,2448,.jpg:2
中华海鲇,1,中华海鲇,2,0,0,2,0,0.0,0.0,100.0,0.5,1196,518,.jpg:2
中国长枪乌贼,1,中国长枪乌贼,2,2,0,0,0,100.0,0.0,0.0,19.58,8688,4888,.jpg:2
乌须黑巨口鱼,1,乌须黑巨口鱼,2,0,0,2,0,0.0,0.0,100.0,0.19,1440,1080,.jpg:2
乔氏锯雀鲷,1,乔氏锯雀鲷,2,2,0,0,0,100.0,0.0,0.0,1.22,1575,2100,.jpg:2
乳突双叉蟹,1,乳突双叉蟹,2,1,1,0,0,50.0,50.0,0.0,8.17,2534.5,2729.5,.jpg:2
乳香鱼,1,乳香鱼,2,0,0,2,0,0.0,0.0,100.0,0.52,1020,550,.jpg:2
云纹茄棘鱼,1,云纹茄棘鱼,2,0,0,2,0,0.0,0.0,100.0,0.59,934,690,.jpg:2
云纹裸胸鳝,1,云纹裸胸鳝,2,0,0,2,0,0.0,0.0,100.0,0.92,1896,495,.jpg:2
五眼斑鲆,1,五眼斑鲆,2,0,0,2,0,0.0,0.0,100.0,0.78,1052,638,.jpg:2
亨氏樱虾,1,亨氏樱虾,2,1,0,1,0,50.0,0.0,50.0,6.08,3296,2484,.jpg:2
仿泡粒乌拉西蟹1 Urashima pustuloides,1,仿泡粒乌拉西蟹1 Urashima pustuloides,2,0,2,0,0,0.0,100.0,0.0,9.95,1338,975,.bmp:2
侧斑纤柱鱼,1,侧斑纤柱鱼,2,2,0,0,0,100.0,0.0,0.0,6.51,3648,2736,.jpg:2
侧斑连鳍䲗,1,侧斑连鳍䲗,2,2,0,0,0,100.0,0.0,0.0,1.18,2100,1575,.jpg:2
假长缝拟对虾,1,假长缝拟对虾,2,2,0,0,0,100.0,0.0,0.0,7.26,3648,2736,.jpg:2
光兔头鲀,1,光兔头鲀,2,0,0,2,0,0.0,0.0,100.0,0.43,1128,510,.jpg:2
光唇鳗鳗,1,光唇鳗鳗,2,0,0,2,0,0.0,0.0,100.0,0.45,1054,554,.jpg:2
光掌蟳,1,光掌蟳,2,2,0,0,0,100.0,0.0,0.0,2.44,2419.5,2274,.jpg:2
克氏兔头鲀,1,克氏兔头鲀,2,0,0,2,0,0.0,0.0,100.0,0.41,1054,436,.jpg:2
八带拟唇鱼,1,八带拟唇鱼,2,2,0,0,0,100.0,0.0,0.0,1.54,4032,3024,.jpg:2
六带鲹,1,六带鲹,2,2,0,0,0,100.0,0.0,0.0,2.23,2682,2011.5,.jpg:2
六指马友,1,六指马友,2,0,2,0,0,0.0,100.0,0.0,1.79,1696,868,.jpg:2
六斑刺鲀,1,六斑刺鲀,2,0,0,2,0,0.0,0.0,100.0,0.77,1034,700,.jpg:2
六突拟对虾,1,六突拟对虾,2,2,0,0,0,100.0,0.0,0.0,6.41,3116,2528,.jpg:2
冠丝鳍鱼,1,冠丝鳍鱼,2,2,0,0,0,100.0,0.0,0.0,4.09,2448,3264,.jpg:2
冠头孔头鲷,1,冠头孔头鲷,2,2,0,0,0,100.0,0.0,0.0,4.83,3208,3120,.jpg:2
几内亚湾异鳞海鲂,1,几内亚湾异鳞海鲂,2,0,2,0,0,0.0,100.0,0.0,0.87,1440,1080,.jpg:2
凹管鞭虾,1,凹管鞭虾,2,1,1,0,0,50.0,50.0,0.0,1.61,2232,2556,.jpg:2
前鳍星鲨,1,前鳍星鲨,2,2,0,0,0,100.0,0.0,0.0,11.05,4096,2696.5,.jpg:2
加里曼丹无刺鳐,1,加里曼丹无刺鳐,2,2,0,0,0,100.0,0.0,0.0,4.54,2448,3264,.jpg:2
加里曼丹海湾无鳍鳐,1,加里曼丹海湾无鳍鳐,2,0,2,0,0,0.0,100.0,0.0,0.35,1080,1440,.jpg:2
北方拟黑詹乌贼,1,北方拟黑詹乌贼,2,2,0,0,0,100.0,0.0,0.0,2.07,2448,3264,.jpg:2
半纹水珍鱼,1,半纹水珍鱼,2,0,0,2,0,0.0,0.0,100.0,0.71,1884,690,.jpg:2
单斑笛鲷,1,单斑笛鲷,2,0,0,2,0,0.0,0.0,100.0,0.62,1072,636,.jpg:2
单斑金花鮨,1,单斑金花鮨,2,2,0,0,0,100.0,0.0,0.0,2.17,4032,3024,.jpg:2
单氏鸭项鳗,1,单氏鸭项鳗,2,2,0,0,0,100.0,0.0,0.0,21.46,8688,4888,.jpg:2
南方蓝鳍金枪鱼,1,南方蓝鳍金枪鱼,2,0,0,2,0,0.0,0.0,100.0,0.17,640,318,.jpg:2
卡氏无囊鲳,1,卡氏无囊鲳,2,0,2,0,0,0.0,100.0,0.0,1.39,2398,1080,.jpg:2
印度小公鱼,1,印度小公鱼,2,0,0,2,0,0.0,0.0,100.0,0.24,860,364,.jpg:2
印度赤刀鱼,1,印度赤刀鱼,2,2,0,0,0,100.0,0.0,0.0,2.42,2133,2133,.jpg:2
印度隆背蟹 Carcinoplax indica南海150-300 米螃蟹采集,1,印度隆背蟹 Carcinoplax indica（图2背上有红点的）南海150-300 米螃蟹采集_2_潮间带FeiBoy_来自小红书网页版,2,0,2,0,0,0.0,100.0,0.0,0.77,1080,1440,.jpg:2
印度魣蜥鱼,1,印度魣蜥鱼,2,1,1,0,0,50.0,50.0,0.0,2.6,2574,1626,.jpg:2
卵圆颌光鱼,1,卵圆颌光鱼,2,2,0,0,0,100.0,0.0,0.0,4.68,4608,3456,.jpg:2
叉尾锥齿鲷,1,叉尾锥齿鲷,2,2,0,0,0,100.0,0.0,0.0,1.92,2133,2133,.jpg:2
及达叶鲹,1,及达叶鲹,2,0,0,2,0,0.0,0.0,100.0,0.41,983,498,.jpg:2
双斑笛鲷,1,双斑笛鲷,2,1,0,1,0,50.0,0.0,50.0,1.71,2007,1505,.jpg:2
双棘石斑鱼,1,双棘石斑鱼,2,2,0,0,0,100.0,0.0,0.0,7.31,3648,2736,.jpg:2
双角互敬蟹,1,双角互敬蟹,2,2,0,0,0,100.0,0.0,0.0,2.71,3648,2736,.jpg:2
台湾丝尾海鳗,1,台湾丝尾海鳗,2,0,2,0,0,0.0,100.0,0.0,0.4,1440,1080,.jpg:2
台湾珩台湾,1,台湾珩台湾,2,0,2,0,0,0.0,100.0,0.0,1.36,1844,868,.jpg:2
史氏赤刀鱼,1,史氏赤刀鱼,2,2,0,0,0,100.0,0.0,0.0,7.03,5472,3072,.jpg:2
叶状盖乌贼,1,叶状盖乌贼,2,0,0,2,0,0.0,0.0,100.0,0.19,1440,1080,.jpg:2
司氏铠茗荷,1,司氏铠茗荷,2,0,2,0,0,0.0,100.0,0.0,1.42,2398,1080,.jpg:2
吉氏针鲬,1,吉氏针鲬,2,0,0,2,0,0.0,0.0,100.0,0.61,1012,576,.jpg:2
后鳍盗目鱼,1,后鳍盗目鱼,2,1,1,0,0,50.0,50.0,0.0,2.85,2856,1806,.jpg:2
四带鲱鲤,1,四带鲱鲤,2,0,2,0,0,0.0,100.0,0.0,1.24,1684,930,.jpg:2
土佐欧氏鰧,1,土佐欧氏鰧,2,0,0,2,0,0.0,0.0,100.0,0.35,1140,416,.jpg:2
土佐谦鲆,1,土佐谦鲆,2,0,0,2,0,0.0,0.0,100.0,0.69,996,602,.jpg:2
基岛䲗,1,基岛䲗,2,2,0,0,0,100.0,0.0,0.0,2.23,2448,3264,.jpg:2
基岛珩,1,基岛珩,2,0,0,2,0,0.0,0.0,100.0,0.87,1848,620,.jpg:2
多线前鳞鲀,1,多线前鳞鲀,2,0,0,2,0,0.0,0.0,100.0,0.52,972,668,.jpg:2
多须须鼬鳚,1,多须须鼬鳚,2,0,0,2,0,0.0,0.0,100.0,0.28,866,380,.jpg:2
大头白姑鱼,1,大头白姑鱼,2,0,0,2,0,0.0,0.0,100.0,0.59,1042,556,.jpg:2
大头隐棘杜父鱼,1,大头隐棘杜父鱼,2,0,2,0,0,0.0,100.0,0.0,1.42,2398,1080,.jpg:2
大扁蛛虾,1,大扁蛛虾,2,2,0,0,0,100.0,0.0,0.0,4.02,2856,2856,.jpg:2
大拟海螯虾Nephropsis grandis南海深水采集12 水深200米－600米,1,大拟海螯虾Nephropsis grandis南海深水采集12 水深200米－600米_4_潮间带FeiBoy_来自小红书网页版,2,0,0,2,0,0.0,0.0,100.0,0.27,1080,1440,.jpg:2
大斑刺鲀,1,大斑刺鲀,2,2,0,0,0,100.0,0.0,0.0,2.35,2682,2011.5,.jpg:2
大海马,1,大海马,2,0,0,2,0,0.0,0.0,100.0,0.41,1114,534,.jpg:2
大甲鲹,1,大甲鲹,2,0,0,2,0,0.0,0.0,100.0,0.47,1148,568,.jpg:2
大眼孔头鲷,1,大眼孔头鲷,2,2,0,0,0,100.0,0.0,0.0,2.69,4032,3024,.jpg:2
大眼金枪鱼,1,大眼金枪鱼,2,0,0,2,0,0.0,0.0,100.0,0.17,640,338,.jpg:2
大眼鲬,1,大眼鲬,2,0,0,2,0,0.0,0.0,100.0,0.57,1246,518,.jpg:2
大眼黑巨口魚,1,大眼黑巨口魚,2,0,2,0,0,0.0,100.0,0.0,0.99,2031,735,.jpg:2
大等鳌蟹 Parilia major 南海150-300 米采集,1,大等鳌蟹 Parilia major 南海150-300 米采集_1_潮间带FeiBoy_来自小红书网页版,2,0,2,0,0,0.0,100.0,0.0,0.64,1080,1440,.jpg:2
大等鳌蟹公蟹 Parilia major南海深水采集12 水深200米－600米,1,大等鳌蟹公蟹 Parilia major南海深水采集12 水深200米－600米_13_潮间带FeiBoy_来自小红书网页版,2,0,0,2,0,0.0,0.0,100.0,0.13,1080,1441,.jpg:2
大鳞新灯鱼,1,大鳞新灯鱼,2,2,0,0,0,100.0,0.0,0.0,11.82,3968,2976,.jpg:2
大鳞犀孔鲷,1,大鳞犀孔鲷,2,2,0,0,0,100.0,0.0,0.0,4.2,3264,2448,.jpg:2
大鳞鳞鲬,1,大鳞鳞鲬,2,2,0,0,0,100.0,0.0,0.0,1.34,1575,2100,.jpg:2
大黄鱼,1,大黄鱼,2,0,2,0,0,0.0,100.0,0.0,1.41,1904,968,.jpg:2
大鼻孔叫姑鱼,1,大鼻孔叫姑鱼,2,0,2,0,0,0.0,100.0,0.0,1.78,2052,1140,.jpg:2
太平洋帆鱿鱼,1,太平洋帆鱿鱼,2,0,2,0,0,0.0,100.0,0.0,2.04,1959,1332,.jpg:2
奇鳗,1,奇鳗,2,0,0,2,0,0.0,0.0,100.0,0.26,1218,380,.jpg:2
奈氏拟鮟鱇,1,奈氏拟鮟鱇,2,0,0,2,0,0.0,0.0,100.0,0.28,1080,1440,.jpg:2
姬花鲈,1,姬花鲈,2,0,0,2,0,0.0,0.0,100.0,0.44,1038,550,.jpg:2
孔头底尾鳕,1,孔头底尾鳕,2,2,0,0,0,100.0,0.0,0.0,7.62,6000,4000,.jpg:2
安德曼钩腕乌贼,1,安德曼钩腕乌贼,2,2,0,0,0,100.0,0.0,0.0,11.34,5616,3744,.jpg:2
安达曼刺铠虾 Gonionida andamanica,1,安达曼刺铠虾 Gonionida andamanica,2,0,0,2,0,0.0,0.0,100.0,0.26,1080,1440,.jpg:2
安达曼赤虾,1,安达曼赤虾,2,2,0,0,0,100.0,0.0,0.0,4.85,2863.5,3285.5,.jpg:2
宽头底尾鱈,1,宽头底尾鱈,2,2,0,0,0,100.0,0.0,0.0,24.71,8688,4888,.jpg:2
宽尾拟角鲨,1,宽尾拟角鲨,2,2,0,0,0,100.0,0.0,0.0,4.0,3968,2976,.jpg:2
宽尾鳞鲀,1,宽尾鳞鲀,2,2,0,0,0,100.0,0.0,0.0,3.73,3264,2448,.jpg:2
宽条石斑鱼,1,宽条石斑鱼,2,0,2,0,0,0.0,100.0,0.0,1.9,2064,1120,.jpg:2
密星海蝠鱼,1,密星海蝠鱼,2,0,0,2,0,0.0,0.0,100.0,3.32,601,723,.bmp:2
密沟鲀,1,密沟鲀,2,2,0,0,0,100.0,0.0,0.0,7.02,3648,2736,.jpg:2
密点裸胸鳝,1,密点裸胸鳝,2,0,0,2,0,0.0,0.0,100.0,0.29,1242,328,.jpg:2
密集角鮟鱇,1,密集角鮟鱇,2,2,0,0,0,100.0,0.0,0.0,6.47,2976,3968,.jpg:2
小抹香鲛,1,小抹香鲛,2,2,0,0,0,100.0,0.0,0.0,3.96,4352,2448,.jpg:2
小眼原怪蟹南海150-300 米螃蟹采集,1,小眼原怪蟹南海150-300 米螃蟹采集_10_潮间带FeiBoy_来自小红书网页版,2,0,2,0,0,0.0,100.0,0.0,0.33,1080,1440,.jpg:2
小眼犀孔鲷,1,小眼犀孔鲷,2,2,0,0,0,100.0,0.0,0.0,3.61,3264,2448,.jpg:2
小管蛸,1,小管蛸,2,2,0,0,0,100.0,0.0,0.0,6.56,3576,3592,.jpg:2
小高鳍刺尾鱼,1,小高鳍刺尾鱼,2,1,1,0,0,50.0,50.0,0.0,1.23,2133,2133,.jpg:2
少鳞方头鲳,1,少鳞方头鲳,2,2,0,0,0,100.0,0.0,0.0,9.69,3096,4128,.jpg:2
少鳞鰧,1,少鳞鰧,2,2,0,0,0,100.0,0.0,0.0,7.48,3648,2736,.jpg:2
尖吻刺,1,尖吻刺,2,0,2,0,0,0.0,100.0,0.0,2.11,1708,1160,.jpg:2
尖吻蛇鳗,1,尖吻蛇鳗,2,0,0,2,0,0.0,0.0,100.0,0.44,1182,290,.jpg:2
尖吻鳐,1,尖吻鳐,2,0,2,0,0,0.0,100.0,0.0,0.72,1244,850,.jpg:2
尖头斜鲨,1,尖头斜鲨,2,0,0,2,0,0.0,0.0,100.0,0.27,1164,388,.jpg:2
尖头黄鳍牙或,1,尖头黄鳍牙或,2,0,2,0,0,0.0,100.0,0.0,1.66,1876,844,.jpg:2
尖尾鳗,1,尖尾鳗,2,0,0,2,0,0.0,0.0,100.0,0.27,1239,342,.jpg:2
尖棘鳐,1,尖棘鳐 (雌性）,2,0,0,2,0,0.0,0.0,100.0,0.5,1096,675,.jpg:2
尖棘鳐 (雄性,1,尖棘鳐 (雄性,2,0,0,2,0,0.0,0.0,100.0,0.69,1026,929,.jpg:2
尖角,1,尖角-,2,0,0,2,0,0.0,0.0,100.0,0.43,986,572,.jpg:2
居氏鬼鲉,1,居氏鬼鲉,2,2,0,0,0,100.0,0.0,0.0,2.96,2368,1380,.jpg:2
岐发真巨口鱼,1,岐发真巨口鱼,2,2,0,0,0,100.0,0.0,0.0,4.73,4608,3456,.jpg:2
嵌颌鱼,1,嵌颌鱼,2,2,0,0,0,100.0,0.0,0.0,5.0,3192,3304,.jpg:2
巨额额糠虾,1,巨额额糠虾,2,2,0,0,0,100.0,0.0,0.0,3.57,2448,3264,.jpg:2
巴什矛鼬鳚,1,巴什矛鼬鳚,2,2,0,0,0,100.0,0.0,0.0,7.04,3648,2736,.jpg:2
布氏合寄居蟹 Sympagurus burkenroadi 南海150-300 米螃蟹采集,1,布氏合寄居蟹 Sympagurus burkenroadi 南海150-300 米螃蟹采集_3_潮间带FeiBoy_来自小红书网页版,2,0,2,0,0,0.0,100.0,0.0,0.42,1080,1920,.jpg:2
帆蜥鱼幼体,1,帆蜥鱼幼体,2,2,0,0,0,100.0,0.0,0.0,7.81,6000,4000,.jpg:2
带斑腔吻鳕,1,带斑腔吻鳕,2,2,0,0,0,100.0,0.0,0.0,3.18,2856,1826,.jpg:2
带纹条鳎,1,带纹条鳎,2,0,2,0,0,0.0,100.0,0.0,1.52,1380,800,.jpg:2
带鳚,1,带鳚,2,0,0,2,0,0.0,0.0,100.0,0.58,2184,428,.jpg:2
平面黄鲂鮄,1,平面黄鲂鮄,2,0,0,2,0,0.0,0.0,100.0,0.61,963,840,.jpg:2
库达海马,1,库达海马,2,0,0,2,0,0.0,0.0,100.0,0.34,1204,428,.jpg:2
康氏马鲛,1,康氏马鲛,2,0,2,0,0,0.0,100.0,0.0,1.13,2088,780,.jpg:2
廉虾海错图式采集日记,1,廉虾海错图式采集日记_6_潮间带FeiBoy_来自小红书网页版,2,0,2,0,0,0.0,100.0,0.0,0.53,1080,1440,.jpg:2
异菱的鲷,1,异菱的鲷,2,2,0,0,0,100.0,0.0,0.0,3.04,3264,2448,.jpg:2
弓背颚齿鱼,1,弓背颚齿鱼,2,2,0,0,0,100.0,0.0,0.0,3.69,4608,3456,.jpg:2
弯棘鲬,1,弯棘鲬,2,0,2,0,0,0.0,100.0,0.0,0.76,2098,1575,.jpg:2
弱眶棘鲈,1,弱眶棘鲈,2,2,0,0,0,100.0,0.0,0.0,22.52,8688,4888,.jpg:2
弱鳕,1,弱鳕,2,2,0,0,0,100.0,0.0,0.0,20.93,8688,4888,.jpg:2
强蟹,1,强蟹,2,2,0,0,0,100.0,0.0,0.0,4.5,2282,2190,.jpg:2
扁舵鲣,1,扁舵鲣,2,2,0,0,0,100.0,0.0,0.0,1.85,3126,1452,.jpg:2
拉丁直译 剑额拟海鳌虾Nephropsis ensirostris,1,拉丁直译 剑额拟海鳌虾Nephropsis ensirostris,2,0,0,2,0,0.0,0.0,100.0,0.29,1080,1440,.jpg:2
拟棘鲆,1,拟棘鲆,2,0,0,2,0,0.0,0.0,100.0,0.51,882,498,.jpg:2
拟穴美提鳗,1,拟穴美提鳗,2,2,0,0,0,100.0,0.0,0.0,20.9,8688,4888,.jpg:2
拟蓑鲉,1,拟蓑鲉,2,2,0,0,0,100.0,0.0,0.0,4.14,3264,2448,.jpg:2
斑尾鮨,1,斑尾鮨,2,2,0,0,0,100.0,0.0,0.0,17.48,8688,4888,.jpg:2
斑马躄鱼,1,斑马躄鱼,2,1,0,1,0,50.0,0.0,50.0,0.84,1185,967.5,.jpg:2
斑鳍白姑鱼,1,斑鳍白姑鱼,2,0,2,0,0,0.0,100.0,0.0,1.51,1636,888,.jpg:2
斑鳍虎鲉,1,斑鳍虎鲉,2,0,0,2,0,0.0,0.0,100.0,0.43,790,514,.jpg:2
斑鳍鲉,1,斑鳍鲉,2,0,2,0,0,0.0,100.0,0.0,1.38,1648,1032,.jpg:2
斜带此鲷,1,斜带此鲷,2,0,2,0,0,0.0,100.0,0.0,2.07,1674,1173,.jpg:2
旗月鱼,1,旗月鱼,2,2,0,0,0,100.0,0.0,0.0,2.61,4032,3024,.jpg:2
无斑叉鼻鲀,1,无斑叉鼻鲀,2,2,0,0,0,100.0,0.0,0.0,1.04,1575,2100,.jpg:2
无沟双髻鲨,1,无沟双髻鲨,2,2,0,0,0,100.0,0.0,0.0,5.06,4032,3024,.jpg:2
日本五棘鲷,1,日本五棘鲷,2,2,0,0,0,100.0,0.0,0.0,8.31,6000,4000,.jpg:2
日本单鳍电鳐,1,日本单鳍电鳐,2,2,0,0,0,100.0,0.0,0.0,1.43,1575,2100,.jpg:2
日本桥棘鲷,1,日本桥棘鲷,2,0,2,0,0,0.0,100.0,0.0,0.39,1080,1440,.jpg:2
日本海防,1,日本海防,2,1,1,0,0,50.0,50.0,0.0,1.83,2419.5,2274,.jpg:2
日本的鲷,1,日本的鲷,2,2,0,0,0,100.0,0.0,0.0,6.93,3648,2736,.jpg:2
日本细鳞鲀,1,日本细鳞鲀,2,0,0,2,0,0.0,0.0,100.0,0.48,821,561,.jpg:2
日本虾姑,1,日本虾姑,2,2,0,0,0,100.0,0.0,0.0,4.76,3968,2976,.jpg:2
日本裸晰鱼孙娜,1,日本裸晰鱼孙娜,2,0,0,2,0,0.0,0.0,100.0,1.74,2280,596,.jpg:2
日本锯大眼鲷,1,日本锯大眼鲷,2,0,0,2,0,0.0,0.0,100.0,0.45,726,616,.jpg:2
日本隆背鳐,1,日本隆背鳐,2,0,2,0,0,0.0,100.0,0.0,1.41,2398,1080,.jpg:2
日本须鳎,1,日本须鳎,2,1,1,0,0,50.0,50.0,0.0,1.7,2682,2011.5,.jpg:2
日本魣,1,日本魣,2,0,2,0,0,0.0,100.0,0.0,1.31,1988,720,.jpg:2
日本鰧,1,日本鰧,2,0,2,0,0,0.0,100.0,0.0,1.57,1660,866,.jpg:2
"暗耳乌贼Inioteuthis japonica Verrill,",1,"暗耳乌贼Inioteuthis japonica Verrill,",2,0,2,0,0,0.0,100.0,0.0,1.13,1440,1192,.jpg:2
曲针乌贼,1,曲针乌贼,2,2,0,0,0,100.0,0.0,0.0,4.14,3024,4032,.jpg:2
月腹刺鲀,1,月腹刺鲀,2,2,0,0,0,100.0,0.0,0.0,20.26,8688,4888,.jpg:2
朗明灯鱼,1,朗明灯鱼,2,2,0,0,0,100.0,0.0,0.0,13.17,5472,3648,.jpg:2
条纹拟鲈,1,条纹拟鲈,2,2,0,0,0,100.0,0.0,0.0,1.5,2100,1575,.jpg:2
条纹裸胸鳝,1,条纹裸胸鳝,2,0,0,2,0,0.0,0.0,100.0,0.37,1088,438,.jpg:2
条纹躄鱼,1,条纹躄鱼,2,0,2,0,0,0.0,100.0,0.0,1.46,1416,1004,.jpg:2
树须鱼,1,树须鱼,2,1,0,1,0,50.0,0.0,50.0,2.05,1944,2172,.jpg:2
根氏珠目鱼,1,根氏珠目鱼,2,2,0,0,0,100.0,0.0,0.0,3.71,3072,4096,.jpg:2
棕斑盲鼬鳚,1,棕斑盲鼬鳚,2,0,2,0,0,0.0,100.0,0.0,1.54,2398,1080,.jpg:2
棘突猛虾蛄,1,棘突猛虾蛄,2,2,0,0,0,100.0,0.0,0.0,7.01,3648,2736,.jpg:2
棘腹海鲂,1,棘腹海鲂,2,0,0,2,0,0.0,0.0,100.0,0.38,738,568,.jpg:2
棘花鲈,1,棘花鲈,2,0,0,2,0,0.0,0.0,100.0,0.54,966,614,.jpg:2
棘鲉鳚,1,棘鲉鳚,2,2,0,0,0,100.0,0.0,0.0,1.43,2100,1575,.jpg:2
"椭乌贼Sepia elliptica Hoyle,",1,"椭乌贼Sepia elliptica Hoyle,",2,2,0,0,0,100.0,0.0,0.0,5.66,3990,2104,.jpg:2
横带小齿蛇鳗,1,横带小齿蛇鳗,2,2,0,0,0,100.0,0.0,0.0,1.57,2100,1575,.jpg:2
横带齿鲷,1,横带齿鲷,2,0,0,2,0,0.0,0.0,100.0,0.74,1052,760,.jpg:2
武装眶形蟹,1,武装眶形蟹,2,2,0,0,0,100.0,0.0,0.0,1.32,1818,1818,.jpg:2
毛饰扁蛛蟹,1,毛饰扁蛛蟹,2,2,0,0,0,100.0,0.0,0.0,6.92,3456,4608,.jpg:2
水母蛸Amphireus pelagicus中国图谱,1,水母蛸Amphireus pelagicus中国图谱,2,2,0,0,0,100.0,0.0,0.0,2.78,2447,1644,.jpg:2
泡粒长螯蟹Tanaoa pustulosus南海150-300 米螃蟹采集,1,泡粒长螯蟹Tanaoa pustulosus南海150-300 米螃蟹采集_6_潮间带FeiBoy_来自小红书网页版,2,0,2,0,0,0.0,100.0,0.0,0.43,1080,1440,.jpg:2
泡粒长螯蟹Tanaoa pustulosus南海深水采集12 水深200米－600米,1,泡粒长螯蟹Tanaoa pustulosus南海深水采集12 水深200米－600米_5_潮间带FeiBoy_来自小红书网页版,2,0,0,2,0,0.0,0.0,100.0,0.22,1080,1440,.jpg:2
洛神颈鳍鱼,1,洛神颈鳍鱼,2,0,2,0,0,0.0,100.0,0.0,1.99,1940,1204,.jpg:2
海兔,1,海兔,2,2,0,0,0,100.0,0.0,0.0,4.87,2448,3264,.jpg:2
海南米虾,1,海南米虾,2,2,0,0,0,100.0,0.0,0.0,4.73,2448,3264,.jpg:2
海洋拟精干蟹 Pariphiculus mariannae 南海150-300 米螃蟹采集,1,海洋拟精干蟹 Pariphiculus mariannae 南海150-300 米螃蟹采集_3_潮间带FeiBoy_来自小红书网页版,2,0,2,0,0,0.0,100.0,0.0,0.56,1080,1440,.jpg:2
海鳗,1,海鳗,2,2,0,0,0,100.0,0.0,0.0,7.12,3648,2736,.jpg:2
深巨水蚤,1,深巨水蚤,2,2,0,0,0,100.0,0.0,0.0,7.49,3648,2736,.jpg:2
深水尾魟,1,深水尾魟,2,2,0,0,0,100.0,0.0,0.0,18.42,8688,4888,.jpg:2
深海海蛭,1,深海海蛭,2,0,2,0,0,0.0,100.0,0.0,0.39,1080,1440,.jpg:2
灰小褐鳕,1,灰小褐鳕,2,0,0,2,0,0.0,0.0,100.0,0.45,1136,456,.jpg:2
灰石斑鱼,1,灰石斑鱼,2,0,0,2,0,0.0,0.0,100.0,0.43,916,530,.jpg:2
灰软鱼,1,灰软鱼,2,2,0,0,0,100.0,0.0,0.0,21.61,8688,4888,.jpg:2
点蓝子鱼,1,点蓝子鱼,2,2,0,0,0,100.0,0.0,0.0,3.79,4032,3024,.jpg:2
烟纹茄棘鱼,1,烟纹茄棘鱼,2,0,0,2,0,0.0,0.0,100.0,0.51,907,693,.jpg:2
焦黑锯鳞鱼与孔锯鳞鱼,1,焦黑锯鳞鱼与孔锯鳞鱼,2,2,0,0,0,100.0,0.0,0.0,5.52,3708,1681.5,.jpg:2
燕尾鲳,1,燕尾鲳,2,0,0,2,0,0.0,0.0,100.0,0.38,896,594,.jpg:2
爪乌贼,1,爪乌贼,2,2,0,0,0,100.0,0.0,0.0,7.18,4384,3288,.jpg:2
犀孔鲷,1,犀孔鲷,2,0,2,0,0,0.0,100.0,0.0,1.86,1973,1386,.jpg:2
狭带细鳞盔鱼,1,狭带细鳞盔鱼,2,2,0,0,0,100.0,0.0,0.0,2.97,2856,2448,.jpg:2
玄妙微鳍乌贼,1,玄妙微鳍乌贼,2,2,0,0,0,100.0,0.0,0.0,5.46,2448,3264,.jpg:2
环纹细鳞盔鱼,1,环纹细鳞盔鱼,2,2,0,0,0,100.0,0.0,0.0,3.23,3240,2732,.jpg:2
环纹蓑鲉,1,环纹蓑鲉,2,2,0,0,0,100.0,0.0,0.0,4.14,3264,2448,.jpg:2
球枝角鮟鱇,1,球枝角鮟鱇,2,2,0,0,0,100.0,0.0,0.0,5.48,4608,3456,.jpg:2
球梦角鮟鱇,1,球梦角鮟鱇,2,2,0,0,0,100.0,0.0,0.0,4.26,3456,4608,.jpg:2
琳达锥齿潜鱼,1,琳达锥齿潜鱼,2,0,0,2,0,0.0,0.0,100.0,0.22,1080,1440,.jpg:2
甘氏巨鳌蟹宝贝,1,甘氏巨鳌蟹宝贝_1_潮间带FeiBoy_来自小红书网页版,2,0,2,0,0,0.0,100.0,0.0,0.84,1080,1920,.jpg:2
电纹石斑鱼,1,电纹石斑鱼,2,2,0,0,0,100.0,0.0,0.0,1.92,4032,3024,.jpg:2
疑似新种,1,疑似新种,2,0,2,0,0,0.0,100.0,0.0,1.25,2286,789,.jpg:2
白舌甲鲹,1,白舌甲鲹,2,0,2,0,0,0.0,100.0,0.0,1.67,1484,948,.jpg:2
白鲳,1,白鲳,2,0,0,2,0,0.0,0.0,100.0,0.56,726,806,.jpg:2
百瑙鳞头鲉,1,百瑙鳞头鲉,2,0,0,2,0,0.0,0.0,100.0,0.48,812,624,.jpg:2
皮氏手鱿,1,皮氏手鱿,2,2,0,0,0,100.0,0.0,0.0,7.49,2055,4352,.jpg:2
盲多螯虾,1,盲多螯虾,2,2,0,0,0,100.0,0.0,0.0,3.56,3528,3528,.jpg:2
盲多鳌虾Polychelidae typhlops南海深水采集12 水深200米－600米,1,盲多鳌虾Polychelidae typhlops南海深水采集12 水深200米－600米_11_潮间带FeiBoy_来自小红书网页版,2,0,0,2,0,0.0,0.0,100.0,0.23,1080,1440,.jpg:2
相拟钩腕乌贼,1,相拟钩腕乌贼,2,2,0,0,0,100.0,0.0,0.0,6.76,3240,3144,.jpg:2
看守长眼蟹,1,看守长眼蟹,2,2,0,0,0,100.0,0.0,0.0,3.22,2133,2133,.jpg:2
真齿蜥鱼,1,真齿蜥鱼,2,0,2,0,0,0.0,100.0,0.0,1.41,2034,927,.jpg:2
短吻丝鲹,1,短吻丝鲹,2,0,0,2,0,0.0,0.0,100.0,0.39,848,664,.jpg:2
短吻幅,1,短吻幅,2,0,2,0,0,0.0,100.0,0.0,1.43,1572,880,.jpg:2
短吻角鲨,1,短吻角鲨,2,0,0,2,0,0.0,0.0,100.0,0.33,1138,400,.jpg:2
短尾蛇鳗,1,短尾蛇鳗,2,0,0,2,0,0.0,0.0,100.0,0.17,1066,284,.jpg:2
短棘圓刺魨,1,短棘圓刺魨,2,0,0,2,0,0.0,0.0,100.0,0.68,1194,590,.jpg:2
短腕乌贼,1,短腕乌贼,2,2,0,0,0,100.0,0.0,0.0,2.66,3024,4032,.jpg:2
短鳄齿鱼,1,短鳄齿鱼,2,2,0,0,0,100.0,0.0,0.0,4.29,3426,1362,.jpg:2
短鳍新灯鱼,1,短鳍新灯鱼,2,2,0,0,0,100.0,0.0,0.0,2.93,2856,2856,.jpg:2
砂梦角鮟鱇,1,砂梦角鮟鱇,2,2,0,0,0,100.0,0.0,0.0,6.35,4352,2055,.jpg:2
神户乌贼,1,神户乌贼,2,2,0,0,0,100.0,0.0,0.0,3.27,3024,4032,.jpg:2
竹光鱼,1,竹光鱼,2,0,0,2,0,0.0,0.0,100.0,5.31,982,709,.bmp:2
米马拟鲈,1,米马拟鲈,2,0,0,2,0,0.0,0.0,100.0,0.47,997,507,.jpg:2
粗尾深水鳐,1,粗尾深水鳐,2,2,0,0,0,100.0,0.0,0.0,1.3,1575,2100,.jpg:2
粗甲裂颚蟹,1,粗甲裂颚蟹,2,1,0,1,0,50.0,0.0,50.0,2.52,2007,1505,.jpg:2
素银鲈,1,素银鲈,2,0,0,2,0,0.0,0.0,100.0,0.5,972,582,.jpg:2
紫红刺虾,1,紫红刺虾,2,2,0,0,0,100.0,0.0,0.0,5.23,3304,3192,.jpg:2
紫辫鱼,1,紫辫鱼,2,2,0,0,0,100.0,0.0,0.0,1.57,1818,1818,.jpg:2
紫锦鱼,1,紫锦鱼,2,1,0,1,0,50.0,0.0,50.0,1.76,2144,1608,.jpeg:1; .jpg:1
红带海鲱鲤,1,红带海鲱鲤,2,0,0,2,0,0.0,0.0,100.0,0.45,988,538,.jpg:2
红虾 幼体,1,红虾 幼体,2,2,0,0,0,100.0,0.0,0.0,3.64,4608,3456,.jpg:2
红衔sp,1,红衔sp,2,0,0,2,0,0.0,0.0,100.0,0.25,1080,1440,.jpg:2
红金眼鲷,1,红金眼鲷,2,2,0,0,0,100.0,0.0,0.0,4.94,3264,2448,.jpg:2
红鲬,1,红鲬,2,1,1,0,0,50.0,50.0,0.0,1.76,2682,2011.5,.jpg:2
纵带笛鲷,1,纵带笛鲷,2,0,0,2,0,0.0,0.0,100.0,0.64,1076,619,.jpg:2
纹蛇鳗,1,纹蛇鳗,2,0,0,2,0,0.0,0.0,100.0,0.41,1196,532,.jpg:2
纺锤鰤,1,纺锤鰤,2,2,0,0,0,100.0,0.0,0.0,4.31,2592,1944,.jpg:2
线菱鲷,1,线菱鲷,2,1,1,0,0,50.0,50.0,0.0,3.66,2423,2172,.jpg:2
线鳞鲷 幼体,1,线鳞鲷 幼体,2,2,0,0,0,100.0,0.0,0.0,4.0,3456,4608,.jpg:2
细纹幅,1,细纹幅,2,0,2,0,0,0.0,100.0,0.0,2.55,1784,1068,.jpg:2
细谐鱼,1,细谐鱼,2,0,0,2,0,0.0,0.0,100.0,0.29,854,422,.jpg:2
细鳞刺,1,细鳞刺,2,0,0,2,0,0.0,0.0,100.0,0.37,840,504,.jpg:2
绒鲉,1,绒鲉,2,0,0,2,0,0.0,0.0,100.0,0.48,876,570,.jpg:2
绿布氏筋鱼,1,绿布氏筋鱼,2,0,0,2,0,0.0,0.0,100.0,0.42,1168,488,.jpg:2
绿斑拟鲆,1,绿斑拟鲆,2,2,0,0,0,100.0,0.0,0.0,1.61,1575,2100,.jpg:2
网纹绒毛鲨,1,网纹绒毛鲨,2,0,0,2,0,0.0,0.0,100.0,0.29,1100,346,.jpg:2
羽鳃鮐,1,羽鳃鮐,2,2,0,0,0,100.0,0.0,0.0,20.97,8688,4888,.jpg:2
背刺异腕虾 Heterocarpus dorsalis,1,背刺异腕虾 Heterocarpus dorsalis,2,0,0,2,0,0.0,0.0,100.0,0.02,315.5,211,.jpg:2
背点赤刀鱼,1,背点赤刀鱼,2,0,0,2,0,0.0,0.0,100.0,0.31,1198,268,.jpg:2
胡椒鲷,1,胡椒鲷,2,0,2,0,0,0.0,100.0,0.0,1.8,1524,1028,.jpg:2
脂眼凹肩鲹,1,脂眼凹肩鲹,2,0,0,2,0,0.0,0.0,100.0,0.56,1078,580,.jpg:2
腺钻光鱼,1,腺钻光鱼,2,2,0,0,0,100.0,0.0,0.0,21.7,8688,4888,.jpg:2
菲岛狼牙蟹,1,菲岛狼牙蟹,2,2,0,0,0,100.0,0.0,0.0,6.71,3648,2736,.jpg:2
蒲原氏平头鮋,1,蒲原氏平头鮋,2,0,0,2,0,0.0,0.0,100.0,0.24,1080,1440,.jpg:2
蓝圆鯵,1,蓝圆鯵,2,2,0,0,0,100.0,0.0,0.0,20.59,8688,4888,.jpg:2
蓝斑条尾魟,1,蓝斑条尾魟,2,2,0,0,0,100.0,0.0,0.0,8.19,4608,3456,.jpg:2
蓝氏棘鲬,1,蓝氏棘鲬,2,2,0,0,0,100.0,0.0,0.0,7.19,3648,2736,.jpg:2
薄片异核果蟹Heteronucia laminata南海150-300 米螃蟹采集,1,薄片异核果蟹Heteronucia laminata南海150-300 米螃蟹采集_5_潮间带FeiBoy_来自小红书网页版,2,0,2,0,0,0.0,100.0,0.0,0.39,1080,1440,.jpg:2
虎鲉Sp,1,虎鲉Sp,2,2,0,0,0,100.0,0.0,0.0,7.31,3648,2736,.jpg:2
蛇牙龙鰧,1,蛇牙龙鰧,2,2,0,0,0,100.0,0.0,0.0,5.48,3120,4160,.jpg:2
蛇鲭,1,蛇鲭,2,2,0,0,0,100.0,0.0,0.0,5.06,3360,3528,.jpg:2
裙鳍蛇鳗,1,裙鳍蛇鳗,2,0,0,2,0,0.0,0.0,100.0,0.36,1214,534,.jpg:2
褐斑节鳞鳎,1,褐斑节鳞鳎,2,0,0,2,0,0.0,0.0,100.0,0.71,1111,612,.jpg:2
西博加庞虾 Pontocaris sibogae,1,西博加庞虾 Pontocaris sibogae-,2,0,0,2,0,0.0,0.0,100.0,0.01,329.5,134,.jpg:2
西钻光鱼,1,西钻光鱼,2,2,0,0,0,100.0,0.0,0.0,19.31,8688,4888,.jpg:2
贝氏须银眼鲷,1,贝氏须银眼鲷,2,0,0,2,0,0.0,0.0,100.0,0.45,908,528,.jpg:2
赤刀鱼,1,赤刀鱼,2,0,0,2,0,0.0,0.0,100.0,0.35,1175,345,.jpg:2
赤鲑,1,赤鲑,2,0,0,2,0,0.0,0.0,100.0,0.64,1122,632,.jpg:2
赫氏无鳔鲉,1,赫氏无鳔鲉,2,0,0,2,0,0.0,0.0,100.0,0.27,1080,1440,.jpg:2
足带近对虾,1,足带近对虾,2,2,0,0,0,100.0,0.0,0.0,7.58,4608,3456,.jpg:2
轮头仿佛,1,轮头仿佛,2,2,0,0,0,100.0,0.0,0.0,6.99,3648,2736,.jpg:2
连鳍珩,1,连鳍珩,2,0,0,2,0,0.0,0.0,100.0,0.39,1008,508,.jpg:2
道氏深水虱 Bathynomus doederleini,1,道氏深水虱 Bathynomus doederleini,2,0,0,2,0,0.0,0.0,100.0,0.28,1080,1440,.jpg:2
金带梅鲷,1,金带梅鲷,2,0,0,2,0,0.0,0.0,100.0,0.5,1088,514,.jpg:2
金眼拟棘鲷,1,金眼拟棘鲷,2,2,0,0,0,100.0,0.0,0.0,1.9,4032,3024,.jpg:2
"针乌贼SEPIA ANDREANA sSteens trup,1857RIMG",1,"针乌贼SEPIA ANDREANA sSteens trup,1857RIMG",2,0,2,0,0,0.0,100.0,0.0,2.05,2040,1418,.jpg:2
钝吻深海蝰,1,钝吻深海蝰,2,2,0,0,0,100.0,0.0,0.0,5.99,3456,4608,.jpg:2
银方头鱼,1,银方头鱼,2,2,0,0,0,100.0,0.0,0.0,2.47,2682,2011.5,.jpg:2
银鲳,1,银鲳,2,0,0,2,0,0.0,0.0,100.0,0.48,906,629,.jpg:2
锐刺长踦蟹,1,锐刺长踦蟹,2,2,0,0,0,100.0,0.0,0.0,2.87,3264,2448,.jpg:2
锯齿刺鲨,1,锯齿刺鲨,2,0,2,0,0,0.0,100.0,0.0,0.92,1080,1440,.jpg:2
长吻大眼,1,长吻大眼,2,0,0,2,0,0.0,0.0,100.0,0.35,874,414,.jpg:2
长吻角鲨,1,长吻角鲨,2,0,0,2,0,0.0,0.0,100.0,0.31,1182,410,.jpg:2
长吻银蛟,1,长吻银蛟,2,0,2,0,0,0.0,100.0,0.0,1.02,1441,1080,.jpg:2
长头膜首鳕,1,长头膜首鳕,2,2,0,0,0,100.0,0.0,0.0,24.75,8688,4888,.jpg:2
长尾大眼鲷,1,长尾大眼鲷,2,0,0,2,0,0.0,0.0,100.0,0.17,227,128,.bmp:2
长拟花鮨,1,长拟花鮨,2,2,0,0,0,100.0,0.0,0.0,2.5,4032,3024,.jpg:2
长棘卫渊鲀,1,长棘卫渊鲀,2,0,0,2,0,0.0,0.0,100.0,0.29,1080,1440,.jpg:2
长臂缨鲆,1,长臂缨鲆,2,2,0,0,0,100.0,0.0,0.0,3.21,3264,2448,.jpg:2
长裸缘鱼,1,长裸缘鱼,2,2,0,0,0,100.0,0.0,0.0,3.11,3264,2448,.jpg:2
长角棘虾Acanthephyra armata南海深水采集12 水深200米－600米,1,长角棘虾Acanthephyra armata南海深水采集12 水深200米－600米_3_潮间带FeiBoy_来自小红书网页版,2,0,0,2,0,0.0,0.0,100.0,0.17,1080,1440,.jpg:2
长足近对虾,1,长足近对虾,2,2,0,0,0,100.0,0.0,0.0,4.42,2856,2856,.jpg:2
长鲾,1,长鲾,2,2,0,0,0,100.0,0.0,0.0,2.98,3264,2448,.jpg:2
长鳍丝鳍鳕,1,长鳍丝鳍鳕,2,2,0,0,0,100.0,0.0,0.0,7.26,3648,2736,.jpg:2
长鳍箭口鱼,1,长鳍箭口鱼,2,0,0,2,0,0.0,0.0,100.0,0.84,2214,642,.jpg:2
长鳍金枪鱼,1,长鳍金枪鱼,2,0,0,2,0,0.0,0.0,100.0,0.15,640,266,.jpg:2
闪亮管肩鱼,1,闪亮管肩鱼,2,2,0,0,0,100.0,0.0,0.0,3.99,3264,2448,.jpg:2
阿部单棘壁鲀,1,阿部单棘壁鲀,2,2,0,0,0,100.0,0.0,0.0,1.24,1575,2100,.jpg:2
阿部蹩鱼,1,阿部蹩鱼,2,0,0,2,0,0.0,0.0,100.0,0.45,1020,560,.jpg:2
雌性鮟鱇鱼及其寄生雄性,1,雌性鮟鱇鱼及其寄生雄性,2,2,0,0,0,100.0,0.0,0.0,5.14,3072,4096,.jpg:2
霍氏弱蜥魚,1,霍氏弱蜥魚,2,2,0,0,0,100.0,0.0,0.0,1.55,1947,1813,.jpg:2
霍氏若蜥鱼,1,霍氏若蜥鱼,2,2,0,0,0,100.0,0.0,0.0,7.69,6000,4000,.jpg:2
霜点石斑鱼,1,霜点石斑鱼,2,2,0,0,0,100.0,0.0,0.0,7.09,3648,2736,.jpg:2
青奇头鰧,1,青奇头鰧,2,0,0,2,0,0.0,0.0,100.0,0.26,1080,1440,.jpg:2
革鲀幼体,1,革鲀幼体,2,2,0,0,0,100.0,0.0,0.0,4.91,4608,3456,.jpg:2
须红魴鮄,1,须红魴鮄,2,2,0,0,0,100.0,0.0,0.0,19.34,8688,4888,.jpg:2
须蓑鲉,1,须蓑鲉,2,0,2,0,0,0.0,100.0,0.0,1.79,1772,1084,.jpg:2
马拉巴裸胸鲹,1,马拉巴裸胸鲹,2,0,2,0,0,0.0,100.0,0.0,1.55,1868,1212,.jpg:2
驼背拟鲉,1,驼背拟鲉,2,0,2,0,0,0.0,100.0,0.0,1.89,1716,1088,.jpg:2
高体狮,1,高体狮,2,0,0,2,0,0.0,0.0,100.0,0.48,1009,508,.jpg:2
高体若鰺,1,高体若鰺,2,0,0,2,0,0.0,0.0,100.0,0.41,781,560,.jpg:2
鯵 幼体,1,鯵 幼体,2,2,0,0,0,100.0,0.0,0.0,4.05,4608,3456,.jpg:2
鲆 幼体,1,鲆 幼体,2,2,0,0,0,100.0,0.0,0.0,4.72,2976,3968,.jpg:2
鲈幼体,1,鲈幼体,2,2,0,0,0,100.0,0.0,0.0,4.76,3456,4608,.jpg:2
鲡形鳗虾虎鱼,1,鲡形鳗虾虎鱼,2,0,2,0,0,0.0,100.0,0.0,1.07,2384,732,.jpg:2
鲷 幼体,1,鲷 幼体,2,2,0,0,0,100.0,0.0,0.0,4.38,3456,4608,.jpg:2
鳂鲈,1,鳂鲈,2,2,0,0,0,100.0,0.0,0.0,18.61,8688,4888,.jpg:2
鳃斑石鲈,1,鳃斑石鲈,2,0,0,2,0,0.0,0.0,100.0,0.49,870,540,.jpg:2
鳞甲乌贼,1,鳞甲乌贼_3_潮间带FeiBoy_来自小红书网页版,2,0,2,0,0,0.0,100.0,0.0,0.83,1080,1440,.jpg:2
鸢鲼,1,鸢鲼,2,0,0,2,0,0.0,0.0,100.0,0.52,1054,830,.jpg:2
鸭项鳗,1,鸭项鳗,2,2,0,0,0,100.0,0.0,0.0,19.25,8688,4888,.jpg:2
黄斑幅,1,黄斑幅,2,0,2,0,0,0.0,100.0,0.0,1.72,1508,948,.jpg:2
黄斑篮子鱼,1,黄斑篮子鱼,2,0,2,0,0,0.0,100.0,0.0,2.04,1724,972,.jpg:2
黄条鰤,1,黄条鰤,2,2,0,0,0,100.0,0.0,0.0,5.99,4032,3024,.jpg:2
黄魟,1,黄魟,2,0,0,2,0,0.0,0.0,100.0,0.38,806,560,.jpg:2
黄鲫,1,黄鲫,2,0,2,0,0,0.0,100.0,0.0,1.38,1668,836,.jpg:2
黄鲷,1,黄鲷,2,0,0,2,0,0.0,0.0,100.0,0.5,814,606,.jpg:2
黄鳍金枪鱼,1,黄鳍金枪鱼,2,0,0,2,0,0.0,0.0,100.0,0.1,357,151,.jpg:2
黑圆帆鱼,1,黑圆帆鱼,2,2,0,0,0,100.0,0.0,0.0,4.26,2856,2856,.jpg:2
黑姑鱼,1,黑姑鱼,2,0,2,0,0,0.0,100.0,0.0,1.66,2008,1044,.jpg:2
黑安康,1,黑安康,2,0,0,2,0,0.0,0.0,100.0,0.45,798,484,.jpg:2
黑尾前肛鳗,1,黑尾前肛鳗,2,0,2,0,0,0.0,100.0,0.0,0.78,2248,736,.jpg:2
黑带棘鳞鱼,1,黑带棘鳞鱼,2,0,0,2,0,0.0,0.0,100.0,0.71,1072,634,.jpg:2
黑带锉鳞鲀,1,黑带锉鳞鲀,2,1,1,0,0,50.0,50.0,0.0,3.05,1944,2172,.jpg:2
黑带鳞鳍梅鲷,1,黑带鳞鳍梅鲷,2,2,0,0,0,100.0,0.0,0.0,3.48,2908.5,2409,.jpg:2
黑带黄鲂鮄,1,黑带黄鲂鮄,2,0,0,2,0,0.0,0.0,100.0,0.41,1116,426,.jpg:2
黑斑叉鼻鲀,1,黑斑叉鼻鲀,2,2,0,0,0,100.0,0.0,0.0,1.98,2682,2011.5,.jpg:2
黑斑双鳍电鳐,1,黑斑双鳍电鳐,2,0,0,2,0,0.0,0.0,100.0,0.45,984,610,.jpg:2
黑纹条师,1,黑纹条师,2,0,0,2,0,0.0,0.0,100.0,0.53,1094,576,.jpg:2
黑缘梭鳕,1,黑缘梭鳕,2,2,0,0,0,100.0,0.0,0.0,2.71,2856,2856,.jpg:2
黑长蜥鱼,1,黑长蜥鱼,2,0,2,0,0,0.0,100.0,0.0,1.48,2398,1080,.jpg:2
黑首胸棘鲷,1,黑首胸棘鲷,2,0,2,0,0,0.0,100.0,0.0,1.56,2398,1080,.jpg:2
黑鲉,1,黑鲉,2,0,2,0,0,0.0,100.0,0.0,1.38,1662,930,.jpg:2
(root),1,(root),1,0,0,1,0,0.0,0.0,100.0,0.11,2084,1476,.png:1
I南海采集 300-500米,1,I南海采集 300-500米_10_潮间带FeiBoy_来自小红书网页版,1,0,1,0,0,0.0,100.0,0.0,0.22,1080,1440,.jpg:1
三刺燧足鳞虾,1,三刺燧足鳞虾,1,0,0,1,0,0.0,0.0,100.0,0.15,1440,1080,.jpg:1
三脊异腕虾 Heterocarpus tricarinatus,1,三脊异腕虾 Heterocarpus tricarinatus,1,0,0,1,0,0.0,0.0,100.0,0.01,342,207,.jpg:1
三角额刺虾,1,三角额刺虾,1,1,0,0,0,100.0,0.0,0.0,2.89,4160,3120,.jpg:1
三角额棘虾,1,三角额棘虾,1,1,0,0,0,100.0,0.0,0.0,2.55,3264,2448,.jpg:1
东方小蛙蟹,1,东方小蛙蟹,1,1,0,0,0,100.0,0.0,0.0,1.01,4032,3024,.jpg:1
东方拟长额虾 Plesionika orientalis,1,东方拟长额虾 Plesionika orientalis,1,0,0,1,0,0.0,0.0,100.0,0.01,308,158,.jpg:1
中华单角鲀,1,中华单角鲀,1,1,0,0,0,100.0,0.0,0.0,5.46,5472,3072,.jpg:1
中华猛虾姑,1,中华猛虾姑,1,1,0,0,0,100.0,0.0,0.0,3.71,1934,4096,.jpg:1
五点斑鲆,1,五点斑鲆,1,1,0,0,0,100.0,0.0,0.0,1.27,1372,2564,.jpg:1
依氏梦鱼,1,依氏梦鱼,1,1,0,0,0,100.0,0.0,0.0,2.18,2448,3264,.jpg:1
光滑细皮黑头鱼,1,光滑细皮黑头鱼,1,0,0,1,0,0.0,0.0,100.0,0.42,2109,681,.jpg:1
全齿红虾Plesionika sindoi,1,全齿红虾Plesionika sindoi,1,0,0,1,0,0.0,0.0,100.0,0.01,342,213,.jpg:1
八腕目sp,1,八腕目sp,1,1,0,0,0,100.0,0.0,0.0,2.67,3264,2448,.jpg:1
八腕魷,1,八腕魷,1,1,0,0,0,100.0,0.0,0.0,1.98,4352,2448,.jpg:1
六带拟鲈,1,六带拟鲈,1,0,0,1,0,0.0,0.0,100.0,0.25,1044,478,.jpg:1
农苏高光鱼,1,农苏高光鱼,1,1,0,0,0,100.0,0.0,0.0,0.81,4032,3024,.jpg:1
冬银鲛,1,冬银鲛,1,1,0,0,0,100.0,0.0,0.0,3.25,3228,1944,.jpg:1
凹尾绚鹦嘴鱼,1,凹尾绚鹦嘴鱼,1,1,0,0,0,100.0,0.0,0.0,4.69,4095,3071,.jpg:1
刺虾.sp,1,刺虾.sp,1,1,0,0,0,100.0,0.0,0.0,1.9,3264,2448,.jpg:1
刺虾属 Acanthephyra armata,1,刺虾属 Acanthephyra armata,1,0,0,1,0,0.0,0.0,100.0,0.01,274,208,.jpg:1
刺虾属 Oplophorus typus,1,刺虾属 Oplophorus typus,1,0,0,1,0,0.0,0.0,100.0,0.01,360,182,.jpg:1
刺虾属sp,1,刺虾属sp,1,1,0,0,0,100.0,0.0,0.0,9.25,8688,4888,.jpg:1
勒氏圆鲹,1,勒氏圆鲹,1,0,1,0,0,0.0,100.0,0.0,0.19,1440,1080,.jpg:1
勒氏笛鲷,1,勒氏笛鲷,1,1,0,0,0,100.0,0.0,0.0,0.58,1575,2100,.jpg:1
单刺红虾,1,单刺红虾,1,1,0,0,0,100.0,0.0,0.0,1.78,2160,1620,.jpg:1
单棘盲鲉,1,单棘盲鲉,1,1,0,0,0,100.0,0.0,0.0,0.69,1575,2100,.jpg:1
南太平洋康吉鳗幼鱼,1,南太平洋康吉鳗（Congriscus maldivensis）幼鱼,1,1,0,0,0,100.0,0.0,0.0,2.81,4608,2176,.jpg:1
南太平洋爪乌贼,1,南太平洋爪乌贼,1,1,0,0,0,100.0,0.0,0.0,4.41,4160,3120,.jpg:1
厚壳驼背虾,1,厚壳驼背虾,1,1,0,0,0,100.0,0.0,0.0,3.05,2448,3264,.jpg:1
双叉红虾 Plesionika bifurca,1,双叉红虾 Plesionika bifurca,1,0,0,1,0,0.0,0.0,100.0,0.01,295,175,.jpg:1
双斑红虾,1,双斑红虾,1,1,0,0,0,100.0,0.0,0.0,5.44,4096,3072,.jpg:1
台湾红虾,1,台湾红虾,1,1,0,0,0,100.0,0.0,0.0,3.72,4608,3456,.jpg:1
叶唇笛鲷,1,叶唇笛鲷,1,1,0,0,0,100.0,0.0,0.0,6.46,4096,3072,.jpg:1
叶足乌贼,1,叶足乌贼,1,1,0,0,0,100.0,0.0,0.0,1.77,3024,4032,.jpg:1
吞蜥鱼,1,吞蜥鱼,1,1,0,0,0,100.0,0.0,0.0,0.83,4032,3024,.jpg:1
四刺棘虾 Acanthephyra quadrispinosa,1,四刺棘虾 Acanthephyra quadrispinosa,1,0,0,1,0,0.0,0.0,100.0,0.01,366,167,.jpg:1
四斑拟鲈,1,四斑拟鲈,1,1,0,0,0,100.0,0.0,0.0,0.62,2099,1576,.jpg:1
基利红虾,1,基利红虾,1,1,0,0,0,100.0,0.0,0.0,1.4,3024,4032,.jpg:1
多带绯鲤,1,多带绯鲤,1,1,0,0,0,100.0,0.0,0.0,1.78,3264,2448,.jpg:1
多玫五耳乌贼,1,多玫五耳乌贼,1,1,0,0,0,100.0,0.0,0.0,2.58,4352,3264,.jpg:1
多须鼬鳚,1,多须鼬鳚,1,0,0,1,0,0.0,0.0,100.0,0.21,1128,408,.jpg:1
多鳞孔雀鲷,1,多鳞孔雀鲷,1,1,0,0,0,100.0,0.0,0.0,2.31,2448,3264,.jpg:1
多齿棒指虾,1,多齿棒指虾,1,0,1,0,0,0.0,100.0,0.0,0.22,1440,1080,.jpg:1
大扁珠蟹,1,大扁珠蟹,1,1,0,0,0,100.0,0.0,0.0,1.61,3264,2448,.jpg:1
大海鲢,1,大海鲢,1,1,0,0,0,100.0,0.0,0.0,4.62,4096,2301,.jpg:1
大西洋齿口鱼,1,大西洋齿口鱼,1,1,0,0,0,100.0,0.0,0.0,3.37,1934,4096,.jpg:1
大鳍奈氏鳕,1,大鳍奈氏鳕,1,1,0,0,0,100.0,0.0,0.0,5.06,4160,3120,.jpg:1
大鳍蛇鳗,1,大鳍蛇鳗,1,0,1,0,0,0.0,100.0,0.0,0.2,1440,1080,.jpg:1
大鳍金眼鲷,1,大鳍金眼鲷,1,1,0,0,0,100.0,0.0,0.0,3.08,4160,3120,.jpg:1
大鳞短额鲆,1,大鳞短额鲆,1,1,0,0,0,100.0,0.0,0.0,3.46,3072,4096,.jpg:1
太平洋弱蜥鱼,1,太平洋弱蜥鱼,1,1,0,0,0,100.0,0.0,0.0,2.47,3968,2976,.jpg:1
安达浚钩腕乌贼,1,安达浚钩腕乌贼,1,1,0,0,0,100.0,0.0,0.0,2.52,4352,3264,.jpg:1
密毛船形虾,1,密毛船形虾,1,1,0,0,0,100.0,0.0,0.0,6.45,3072,4096,.jpg:1
对虾sp,1,对虾sp,1,1,0,0,0,100.0,0.0,0.0,1.52,2448,3264,.jpg:1
小口鲑,1,小口鲑,1,1,0,0,0,100.0,0.0,0.0,1.65,3264,2448,.jpg:1
小日灯鱼,1,小日灯鱼,1,0,0,1,0,0.0,0.0,100.0,0.06,1440,1080,.jpg:1
少灯黑巨口鱼,1,少灯黑巨口鱼,1,1,0,0,0,100.0,0.0,0.0,1.73,3264,2448,.jpg:1
少鳍深巨口鱼,1,少鳍深巨口鱼,1,1,0,0,0,100.0,0.0,0.0,1.55,3264,2448,.jpg:1
尖吻七鳃鲨,1,尖吻七鳃鲨,1,1,0,0,0,100.0,0.0,0.0,0.65,1818,1818,.jpg:1
尖突拟对虾,1,尖突拟对虾,1,1,0,0,0,100.0,0.0,0.0,1.66,3024,4032,.jpg:1
巨梦蛸乌贼,1,巨梦蛸乌贼,1,1,0,0,0,100.0,0.0,0.0,2.07,3264,2448,.jpg:1
康吉鳗幼体,1,康吉鳗幼体,1,1,0,0,0,100.0,0.0,0.0,2.18,1933,2190,.jpg:1
异夫蛸,1,异夫蛸,1,0,1,0,0,0.0,100.0,0.0,1.25,1600,1200,.jpg:1
异鳍海蜥鱼,1,异鳍海蜥鱼,1,1,0,0,0,100.0,0.0,0.0,2.5,3968,2976,.jpg:1
异鳞尾鳕,1,异鳞尾鳕,1,0,0,1,0,0.0,0.0,100.0,0.1,1440,1080,.jpg:1
弓纹雀鲷,1,弓纹雀鲷,1,0,1,0,0,0.0,100.0,0.0,0.43,1818,1818,.jpg:1
弯刺糙对虾 Systellaspis curvispina,1,弯刺糙对虾 Systellaspis curvispina,1,0,0,1,0,0.0,0.0,100.0,0.01,298,217,.jpg:1
户室厚人面蟹,1,户室厚人面蟹,1,0,0,1,0,0.0,0.0,100.0,0.64,750,1000,.jpg:1
拉特布尼埃加翁虾 Aegaeon rathbuni,1,拉特布尼埃加翁虾 Aegaeon rathbuni,1,0,0,1,0,0.0,0.0,100.0,0.0,312,134,.jpg:1
拟目乌贼,1,拟目乌贼,1,0,1,0,0,0.0,100.0,0.0,1.05,1924,1184,.jpg:1
拟鳞首方头鲳,1,拟鳞首方头鲳,1,1,0,0,0,100.0,0.0,0.0,0.65,2160,1620,.jpg:1
摩鹿加绯鲤,1,摩鹿加绯鲤,1,1,0,0,0,100.0,0.0,0.0,0.79,2100,1575,.jpg:1
斑尾鲬状鱼,1,斑尾鲬状鱼,1,1,0,0,0,100.0,0.0,0.0,3.33,4096,1774,.jpg:1
斑纹蛛形蟹,1,斑纹蛛形蟹,1,1,0,0,0,100.0,0.0,0.0,6.22,4096,3072,.jpg:1
斜带鲉,1,斜带鲉,1,1,0,0,0,100.0,0.0,0.0,2.39,3264,2448,.jpg:1
日本凹腹鳕,1,日本凹腹鳕,1,1,0,0,0,100.0,0.0,0.0,4.01,3456,4608,.jpg:1
日本小海防,1,日本小海防,1,0,1,0,0,0.0,100.0,0.0,0.58,1080,1920,.jpg:1
日本红鲬,1,日本红鲬,1,0,0,1,0,0.0,0.0,100.0,0.21,1128,492,.jpg:1
日本蜘蛛蟹,1,日本蜘蛛蟹,1,1,0,0,0,100.0,0.0,0.0,1.84,3264,2448,.jpg:1
日本青鳞鱼,1,日本青鳞鱼,1,1,0,0,0,100.0,0.0,0.0,1.94,3264,2448,.jpg:1
日本须鳂,1,日本须鳂,1,0,1,0,0,0.0,100.0,0.0,0.92,1912,920,.jpg:1
日本鳗鲡,1,日本鳗鲡,1,1,0,0,0,100.0,0.0,0.0,3.07,4160,3120,.jpg:1
杰氏盗目鱼,1,杰氏盗目鱼,1,1,0,0,0,100.0,0.0,0.0,1.97,4032,3024,.jpg:1
林氏异腕虾 Heterocarpus hayashii,1,林氏异腕虾 Heterocarpus hayashii,1,0,0,1,0,0.0,0.0,100.0,0.0,360,140,.jpg:1
柔弱刺尾虾Systellaspis debilis,1,柔弱刺尾虾Systellaspis debilis,1,0,0,1,0,0.0,0.0,100.0,0.01,316,191,.jpg:1
柔毛软额虾,1,柔毛软额虾,1,1,0,0,0,100.0,0.0,0.0,1.83,3264,2448,.jpg:1
柯氏红虾 Plesionika crosnieri,1,柯氏红虾（克氏拟长额虾） Plesionika crosnieri,1,0,0,1,0,0.0,0.0,100.0,0.01,362,208,.jpg:1
棕斑兔头鲀,1,棕斑兔头鲀,1,1,0,0,0,100.0,0.0,0.0,4.28,4095,1934,.jpg:1
棘刺红虾,1,棘刺红虾,1,1,0,0,0,100.0,0.0,0.0,1.95,4032,3024,.jpg:1
棘尾珍刺虾 Janicella spinicauda,1,棘尾珍刺虾 Janicella spinicauda,1,0,0,1,0,0.0,0.0,100.0,0.01,331,161,.jpg:1
棘虾sp,1,棘虾sp,1,1,0,0,0,100.0,0.0,0.0,2.14,2448,3264,.jpg:1
棘鲳,1,棘鲳,1,1,0,0,0,100.0,0.0,0.0,1.93,4352,2448,.jpg:1
武装管斑蟹,1,武装管斑蟹,1,1,0,0,0,100.0,0.0,0.0,1.56,3024,4032,.jpg:1
沙氏鋸尾鲨鱼,1,沙氏鋸尾鲨鱼,1,0,1,0,0,0.0,100.0,0.0,0.56,2776,956,.jpg:1
沟颚拟玻璃虾,1,沟颚拟玻璃虾,1,1,0,0,0,100.0,0.0,0.0,1.64,4032,3024,.jpg:1
海南细螯虾,1,海南细螯虾,1,1,0,0,0,100.0,0.0,0.0,2.18,2448,3264,.jpg:1
润哈壮灯鱼,1,润哈壮灯鱼,1,1,0,0,0,100.0,0.0,0.0,5.12,5472,3072,.jpg:1
淡鳍兔头鲀,1,淡鳍兔头鲀,1,1,0,0,0,100.0,0.0,0.0,1.03,3264,2448,.jpg:1
深海红蟹,1,深海红蟹,1,1,0,0,0,100.0,0.0,0.0,5.12,4096,3072,.jpg:1
深渊鲑,1,深渊鲑,1,0,1,0,0,0.0,100.0,0.0,0.54,1938,789,.jpg:1
滑异腕虾 Heterocarpus laevigatus,1,滑异腕虾 Heterocarpus laevigatus,1,0,0,1,0,0.0,0.0,100.0,0.01,303,188,.jpg:1
滑脊等腕虾 Procletes levicarina,1,滑脊等腕虾 Procletes levicarina,1,0,0,1,0,0.0,0.0,100.0,0.0,296,142,.jpg:1
火乌贼,1,火乌贼,1,1,0,0,0,100.0,0.0,0.0,4.03,4160,3120,.jpg:1
灯芯拟庞虾 Parapontophilus junceus,1,灯芯拟庞虾 Parapontophilus junceus,1,0,0,1,0,0.0,0.0,100.0,0.01,335,177,.jpg:1
灯鱿,1,灯鱿（Lampadioteuthis megaleia）,1,0,0,1,0,0.0,0.0,100.0,0.1,1440,1080,.jpg:1
点线石斑鱼,1,点线石斑鱼,1,1,0,0,0,100.0,0.0,0.0,1.42,3264,2448,.jpg:1
焦黑锯鳞鱼、孔锯鳞鱼,1,焦黑锯鳞鱼、孔锯鳞鱼,1,1,0,0,0,100.0,0.0,0.0,3.34,4096,1892,.jpg:1
独角红虾Plesionika narval,1,独角红虾Plesionika narval,1,0,0,1,0,0.0,0.0,100.0,0.01,387,219,.jpg:1
玻璃鱿,1,玻璃鱿（Teuthowenia pellucida 或近似种）,1,1,0,0,0,100.0,0.0,0.0,1.9,2176,4608,.jpg:1
珊瑚石斑鱼,1,珊瑚石斑鱼,1,1,0,0,0,100.0,0.0,0.0,0.63,2100,1575,.jpg:1
琼氏武装乌贼,1,琼氏武装乌贼,1,1,0,0,0,100.0,0.0,0.0,1.79,4352,2448,.jpg:1
甲壳类幼体,1,甲壳类幼体,1,1,0,0,0,100.0,0.0,0.0,4.3,4096,1934,.jpg:1
疏齿红虾 Plesionika alcocki,1,疏齿红虾 Plesionika alcocki,1,0,0,1,0,0.0,0.0,100.0,0.01,306,234,.jpg:1
矛形拟对虾,1,矛形拟对虾,1,0,0,1,0,0.0,0.0,100.0,0.09,1080,1920,.jpg:1
短丝指鼬鳚,1,短丝指鼬鳚,1,1,0,0,0,100.0,0.0,0.0,2.08,4032,3024,.jpg:1
短吻弱棘鱼,1,短吻弱棘鱼,1,0,0,1,0,0.0,0.0,100.0,0.06,1440,1080,.jpg:1
短腕章鱼,1,短腕章鱼,1,1,0,0,0,100.0,0.0,0.0,2.03,2448,3264,.jpg:1
短须膜首鳕,1,短须膜首鳕,1,1,0,0,0,100.0,0.0,0.0,2.31,2448,3264,.jpg:1
短额线足虾,1,短额线足虾,1,1,0,0,0,100.0,0.0,0.0,2.23,3264,2448,.jpg:1
短鳍新灯笼鱼,1,短鳍新灯笼鱼,1,1,0,0,0,100.0,0.0,0.0,1.59,2448,2448,.jpg:1
离光鱼,1,离光鱼,1,1,0,0,0,100.0,0.0,0.0,2.03,4352,2448,.jpg:1
章鱼,1,章鱼,1,1,0,0,0,100.0,0.0,0.0,4.22,6000,4000,.jpg:1
粗头虎鲉,1,粗头虎鲉,1,1,0,0,0,100.0,0.0,0.0,1.53,2448,3264,.jpg:1
粗足假须虾,1,粗足假须虾,1,1,0,0,0,100.0,0.0,0.0,6.55,3072,4096,.jpg:1
紫辮鱼,1,紫辮鱼,1,0,0,1,0,0.0,0.0,100.0,0.2,909,505,.jpg:1
红虾sp,1,红虾sp,1,1,0,0,0,100.0,0.0,0.0,0.87,3024,4032,.jpg:1
纤羊舌鲆,1,纤羊舌鲆,1,1,0,0,0,100.0,0.0,0.0,3.23,3072,4096,.jpg:1
纺锤乌贼,1,纺锤乌贼,1,1,0,0,0,100.0,0.0,0.0,2.45,4608,3456,.jpg:1
细尾椎齿潜鱼,1,细尾椎齿潜鱼,1,1,0,0,0,100.0,0.0,0.0,1.77,3264,2448,.jpg:1
细斑珍灯鱼,1,2017064细斑珍灯鱼,1,1,0,0,0,100.0,0.0,0.0,0.54,3024,4032,.jpg:1
网纹叉鼻鲀,1,网纹叉鼻鲀,1,1,0,0,0,100.0,0.0,0.0,0.71,1575,2100,.jpg:1
翼乌贼幼体,1,翼乌贼幼体,1,1,0,0,0,100.0,0.0,0.0,2.9,4160,3120,.jpg:1
舌形斜颌鲽,1,舌形斜颌鲽,1,1,0,0,0,100.0,0.0,0.0,2.1,2176,4608,.jpg:1
蓝圆鲹,1,蓝圆鲹,1,1,0,0,0,100.0,0.0,0.0,1.98,2448,3264,.jpg:1
虱鮣,1,虱鮣,1,1,0,0,0,100.0,0.0,0.0,1.2,2462,1312,.jpg:1
虾姑sp,1,虾姑sp,1,1,0,0,0,100.0,0.0,0.0,4.97,3072,4096,.jpg:1
蛄虾的幼体,1,蛄虾的幼体,1,1,0,0,0,100.0,0.0,0.0,3.11,4608,2176,.jpg:1
血圈红虾 Plesionika erythrocyclus,1,血圈红虾 Plesionika erythrocyclus,1,0,0,1,0,0.0,0.0,100.0,0.01,275,182,.jpg:1
袋长角螺,1,袋长角螺,1,1,0,0,0,100.0,0.0,0.0,4.02,4160,3120,.jpg:1
裸狐鲣,1,裸狐鲣,1,1,0,0,0,100.0,0.0,0.0,3.82,1934,4095,.jpg:1
褐斑海鲾鱼,1,褐斑海鲾鱼,1,0,1,0,0,0.0,100.0,0.0,0.85,1740,1405,.jpg:1
西姆圆腹沙丁鱼,1,西姆圆腹沙丁鱼,1,1,0,0,0,100.0,0.0,0.0,1.46,3264,2448,.jpg:1
角棘鳞鱼,1,角棘鳞鱼,1,1,0,0,0,100.0,0.0,0.0,1.6,3264,2448,.jpg:1
贡氏囊头鲉,1,贡氏囊头鲉,1,1,0,0,0,100.0,0.0,0.0,2.37,3264,2448,.jpg:1
赤虾.sp,1,赤虾.sp,1,1,0,0,0,100.0,0.0,0.0,1.94,3264,2448,.jpg:1
赤虾sp,1,赤虾sp,1,1,0,0,0,100.0,0.0,0.0,2.44,2448,3264,.jpg:1
赫氏剪足虾 Psalidopus huxleyi,1,赫氏剪足虾 Psalidopus huxleyi,1,0,0,1,0,0.0,0.0,100.0,0.01,354,167,.jpg:1
躄鱼,1,躄鱼,1,0,1,0,0,0.0,100.0,0.0,0.47,1080,1920,.jpg:1
远东多线鱼,1,远东多线鱼,1,1,0,0,0,100.0,0.0,0.0,2.88,4096,1530,.jpg:1
郎氏针鲬,1,郎氏针鲬,1,1,0,0,0,100.0,0.0,0.0,0.51,2100,1575,.jpg:1
酒井蜘蛛蟹,1,酒井蜘蛛蟹,1,1,0,0,0,100.0,0.0,0.0,1.84,3264,2448,.jpg:1
金䱵,1,金䱵,1,0,0,1,0,0.0,0.0,100.0,0.17,752,452,.jpg:1
金带拟羊鱼,1,金带拟羊鱼,1,1,0,0,0,100.0,0.0,0.0,4.74,4096,3072,.jpg:1
钝吻蓝子鱼,1,钝吻蓝子鱼,1,1,0,0,0,100.0,0.0,0.0,1.68,3264,2448,.jpg:1
钩乌贼sp,1,钩乌贼sp,1,1,0,0,0,100.0,0.0,0.0,1.73,3264,2448,.jpg:1
钩腕鱿科spp,1,钩腕鱿科spp,1,1,0,0,0,100.0,0.0,0.0,3.1,4608,3456,.jpg:1
锐刺长跨蟹,1,锐刺长跨蟹,1,0,0,1,0,0.0,0.0,100.0,0.36,750,562,.jpg:1
长棘钝顶鲉,1,长棘钝顶鲉,1,1,0,0,0,100.0,0.0,0.0,1.34,2100,1575,.jpg:1
长荣xx对虾,1,长荣xx对虾,1,1,0,0,0,100.0,0.0,0.0,1.77,3264,2448,.jpg:1
长角棘对虾,1,长角棘对虾,1,1,0,0,0,100.0,0.0,0.0,1.87,2448,3264,.jpg:1
长额半对虾,1,长额半对虾,1,1,0,0,0,100.0,0.0,0.0,1.97,3264,2448,.jpg:1
长鳍舵,1,长鳍舵,1,1,0,0,0,100.0,0.0,0.0,2.89,2448,3264,.jpg:1
长鳍鱼舵,1,长鳍鱼舵,1,1,0,0,0,100.0,0.0,0.0,3.03,2448,3264,.jpg:1
间光鱼,1,间光鱼,1,1,0,0,0,100.0,0.0,0.0,2.61,2176,4608,.jpg:1
阿利玛幼虫,1,阿利玛幼虫,1,0,0,1,0,0.0,0.0,100.0,0.1,1080,1440,.jpg:1
阿根廷短鳍鱿,1,阿根廷短鳍鱿,1,1,0,0,0,100.0,0.0,0.0,1.74,2448,3264,.jpg:1
阿氏扁蛛蟹,1,阿氏扁蛛蟹,1,1,0,0,0,100.0,0.0,0.0,1.44,3024,4032,.jpg:1
隆脊弓背虾,1,隆脊弓背虾,1,1,0,0,0,100.0,0.0,0.0,1.33,3264,2448,.jpg:1
雷根氏拟鲸口鱼,1,雷根氏拟鲸口鱼,1,1,0,0,0,100.0,0.0,0.0,2.48,4032,3024,.jpg:1
须魣,1,须魣,1,1,0,0,0,100.0,0.0,0.0,1.51,2100,1575,.jpg:1
颚糠虾sp,1,颚糠虾sp,1,1,0,0,0,100.0,0.0,0.0,1.26,2448,2448,.jpg:1
驼背鹦嘴鱼,1,驼背鹦嘴鱼,1,1,0,0,0,100.0,0.0,0.0,2.71,2448,2448,.jpg:1
高脊管鞭虾,1,高脊管鞭虾,1,1,0,0,0,100.0,0.0,0.0,3.49,4608,3456,.jpg:1
魴鮄,1,魴鮄,1,1,0,0,0,100.0,0.0,0.0,4.18,3456,4608,.jpg:1
鲂鱼鮄科,1,鲂鱼鮄科,1,1,0,0,0,100.0,0.0,0.0,3.79,4096,1934,.jpg:1
鲉形目,1,鲉形目,1,0,1,0,0,0.0,100.0,0.0,1.26,1556,1536,.jpg:1
鲉鳂,1,鲉鳂,1,1,0,0,0,100.0,0.0,0.0,2.8,4160,3120,.jpg:1
鳍斑菩提鱼,1,鳍斑菩提鱼,1,1,0,0,0,100.0,0.0,0.0,0.64,2100,1575,.jpg:1
鳒鱼,1,鳒鱼,1,1,0,0,0,100.0,0.0,0.0,1.93,3264,2448,.jpg:1
麦氏蜥鳕,1,麦氏蜥鳕,1,1,0,0,0,100.0,0.0,0.0,2.52,3968,2976,.jpg:1
黄鳍紫鱼,1,黄鳍紫鱼,1,1,0,0,0,100.0,0.0,0.0,7.07,3072,4096,.jpg:1
黑斑石斑鱼,1,黑斑石斑鱼,1,0,0,1,0,0.0,0.0,100.0,0.63,750,1000,.jpg:1
黑斑鲾,1,黑斑鲾,1,0,0,1,0,0.0,0.0,100.0,0.32,1000,720,.jpg:1
黑目帆鱼,1,黑目帆鱼,1,1,0,0,0,100.0,0.0,0.0,2.62,4032,3024,.jpg:1
黑鳍棘林彪鳂,1,黑鳍棘林彪鳂,1,1,0,0,0,100.0,0.0,0.0,0.63,2100,1575,.jpg:1
